scan_id,file,has_signal,sensor_raw,sensor,material,fiber,layup,thickness_mm,description,defect_type,defect_present,defect_depth_mm,defect_size_mm,specimen_cfg,defect_group,frequencies_mhz,n_freq_present,grid_h,grid_w,n_points,datetime,sensor_orientation_degree
scan_00001,scan_00001.h5,True,"S13131 P3,3A 7,3 MHz","S13131P3,3A7,3MHz",HP-U300/122C,HT 50K,[0/90],0.6,Reference sample,clean,False,0.0,0.0,eddycus:cfg5d0efb89,clean:eddycus:cfg5d0efb89,4;6;8;12,0,101.0,451.0,45523.0,2023-04-17T11:23:39,0.0
scan_00002,scan_00002.h5,True,"S13131 P3,3A 7,3 MHz","S13131P3,3A7,3MHz",HP-U300/122C,HT 50K,[0/90],0.6,Reference sample,clean,False,0.0,0.0,eddycus:cfg5d0efb89,clean:eddycus:cfg5d0efb89,4;6;8;12,0,37.0,451.0,16588.0,2023-04-17T11:48:57,0.0
scan_00003,scan_00003.h5,True,"S13131 P3,3A 7,3 MHz","S13131P3,3A7,3MHz",HP-U300/122C,HT 50K,[0],0.3,Reference sample,clean,False,0.0,0.0,eddycus:cfg24f8f5b5,clean:eddycus:cfg24f8f5b5,4;7;8;12,0,101.0,451.0,45521.0,"Mittwoch, 10. Mai 2023 * 10:14:23",0.0
scan_00004,scan_00004.h5,True,"S13131 P3,3A 7,3 MHz","S13131P3,3A7,3MHz",HP-U300/122C,HT 50K,[0],0.3,Reference sample,clean,False,0.0,0.0,eddycus:cfg24f8f5b5,clean:eddycus:cfg24f8f5b5,4;7;8;12,0,101.0,451.0,45515.0,"Mittwoch, 10. Mai 2023 * 10:52:21",0.0
scan_00005,scan_00005.h5,True,"S13131 P3,3A 7,3 MHz","S13131P3,3A7,3MHz",HP-U300/122C,HT 50K,[90],0.3,Reference sample,clean,False,0.0,0.0,eddycus:cfgfc6ce4df,clean:eddycus:cfgfc6ce4df,4;7;8;12,0,101.0,451.0,45516.0,2023-04-28T12:09:16,0.0
scan_00006,scan_00006.h5,True,"S13131 P3,3A 7,3 MHz","S13131P3,3A7,3MHz",HP-U300/122C,HT 50K,[45],0.3,Reference sample,clean,False,0.0,0.0,eddycus:cfg28063837,clean:eddycus:cfg28063837,4;7;8;12,0,101.0,451.0,45522.0,"Mittwoch, 10. Mai 2023 * 09:34:48",0.0
scan_00007,scan_00007.h5,True,"S13131 P3,3A 7,3 MHz","S13131P3,3A7,3MHz",HP-U300/122C,HT 50K,[45],0.3,Reference sample,clean,False,0.0,0.0,eddycus:cfg28063837,clean:eddycus:cfg28063837,4;7;8;12,0,101.0,451.0,45520.0,"Mittwoch, 10. Mai 2023 * 09:49:12",0.0
scan_00008,scan_00008.h5,True,"S13131 P3,3A 7,3 MHz","S13131P3,3A7,3MHz",HP-U300/122C,HT 50K,[45],0.3,Reference sample,clean,False,0.0,0.0,eddycus:cfg28063837,clean:eddycus:cfg28063837,4;7;8;12,0,101.0,451.0,45518.0,"Mittwoch, 10. Mai 2023 * 10:02:04",0.0
scan_00009,scan_00009.h5,True,"S13131 P3,3A 7,3 MHz","S13131P3,3A7,3MHz",HP-U300/122C,HT 50K,[90],0.3,90 Degree fiber orientation with 30 mm gap,gap,True,0.0,30.0,eddycus:cfg45d11546,eddycus:def6cd91026,4;7;8;12,0,101.0,451.0,45521.0,2023-04-26T11:07:00,0.0
scan_00010,scan_00010.h5,True,"S13131 P3,3A 7,3 MHz","S13131P3,3A7,3MHz",HP-U300/122C,HT 50K,[90],0.3,90 Degree fiber orientation with 30 mm gap,gap,True,0.0,30.0,eddycus:cfg45d11546,eddycus:def6cd91026,4;7;8;12,0,101.0,451.0,45521.0,2023-04-26T10:36:11,0.0
scan_00011,scan_00011.h5,True,"S13131 P3,3A 7,3 MHz","S13131P3,3A7,3MHz",HP-U300/122C,HT 50K,[90],0.3,90 Degree fiber orientation with 10 mm gap,gap,True,0.0,10.0,eddycus:cfg1f9cee9d,eddycus:def2b76e54c,4;7;8;12,0,101.0,451.0,45502.0,2023-04-28T12:35:23,0.0
scan_00012,scan_00012.h5,True,"S13131 P3,3A 7,3 MHz","S13131P3,3A7,3MHz",HP-U300/122C,HT 50K,[90],0.3,90 Degree fiber orientation with 10 mm gap,gap,True,0.0,10.0,eddycus:cfg1f9cee9d,eddycus:def2b76e54c,4;7;8;12,0,101.0,451.0,45513.0,"Mittwoch, 10. Mai 2023 * 09:06:47",0.0
scan_00013,scan_00013.h5,True,"S13131 P3,3A 7,3 MHz","S13131P3,3A7,3MHz",HP-U300/122C,HT 50K,[90],0.3,90 Degree fiber orientation with 15 mm gap,gap,True,0.0,15.0,eddycus:cfg9618f0c7,eddycus:def21076130,4;7;8;12,0,101.0,451.0,45524.0,2023-04-28T10:26:18,0.0
scan_00014,scan_00014.h5,True,"S13131 P3,3A 7,3 MHz","S13131P3,3A7,3MHz",HP-U300/122C,HT 50K,[90],0.3,90 Degree fiber orientation with 15 mm gap,gap,True,0.0,15.0,eddycus:cfg9618f0c7,eddycus:def21076130,4;7;8;12,0,101.0,451.0,45520.0,2023-04-28T10:55:24,0.0
scan_00015,scan_00015.h5,True,"S13131 P3,3A 7,3 MHz","S13131P3,3A7,3MHz",HP-U300/122C,HT 50K,[90],0.3,90 Degree fiber orientation with 20 mm gap,gap,True,0.0,20.0,eddycus:cfgc6467d10,eddycus:defb60cd3a4,4;7;8;12,0,101.0,451.0,45503.0,2023-04-28T09:28:17,0.0
scan_00016,scan_00016.h5,True,"S13131 P3,3A 7,3 MHz","S13131P3,3A7,3MHz",HP-U300/122C,HT 50K,[90],0.3,90 Degree fiber orientation with 20 mm gap,gap,True,0.0,20.0,eddycus:cfgc6467d10,eddycus:defb60cd3a4,4;7;8;12,0,101.0,451.0,45525.0,2023-04-28T09:58:11,0.0
scan_00017,scan_00017.h5,True,"S13131 P3,3A 7,3 MHz","S13131P3,3A7,3MHz",HP-U300/122C,HT 50K,[0/0],0.6,[0/0] Degree fiber orientation with 10 mm gap in first layer,gap,True,0.0,10.0,eddycus:cfg0f8eb692,eddycus:def4ed81810,4;7;8;12,0,101.0,451.0,45507.0,"Donnerstag, 6. Juli 2023 * 10:43:53",0.0
scan_00018,scan_00018.h5,True,"S13131 P3,3A 7,3 MHz","S13131P3,3A7,3MHz",HP-U300/122C,HT 50K,[0/0],0.6,[0/0] Degree fiber orientation with 10 mm gap in first layer,gap,True,0.0,10.0,eddycus:cfg0f8eb692,eddycus:def4ed81810,4;7;8;12,0,101.0,451.0,45507.0,"Donnerstag, 6. Juli 2023 * 10:16:30",0.0
scan_00019,scan_00019.h5,True,"S13131 P3,3A 7,3 MHz","S13131P3,3A7,3MHz",HP-U300/122C,HT 50K,[0/0],0.6,[0/0] Degree fiber orientation with 10 mm gap in first layer,gap,True,0.0,10.0,eddycus:cfg0f8eb692,eddycus:def4ed81810,4;7;8;12,0,101.0,451.0,45502.0,"Donnerstag, 6. Juli 2023 * 11:16:05",0.0
scan_00020,scan_00020.h5,True,"S13131 P3,3A 7,3 MHz","S13131P3,3A7,3MHz",HP-U300/122C,HT 50K,[0/0],0.6,[0/0] Degree fiber orientation with 15 mm gap in first layer,gap,True,0.0,15.0,eddycus:cfgaa92b593,eddycus:def6b98f5dd,4;7;8;12,0,101.0,451.0,45477.0,"Donnerstag, 6. Juli 2023 * 13:00:53",0.0
scan_00021,scan_00021.h5,True,"S13131 P3,3A 7,3 MHz","S13131P3,3A7,3MHz",HP-U300/122C,HT 50K,[0/0],0.6,[0/0] Degree fiber orientation with 15 mm gap in first layer,gap,True,0.0,15.0,eddycus:cfgaa92b593,eddycus:def6b98f5dd,4;7;8;12,0,101.0,451.0,45485.0,"Donnerstag, 6. Juli 2023 * 12:11:06",0.0
scan_00022,scan_00022.h5,True,"S13131 P3,3A 7,3 MHz","S13131P3,3A7,3MHz",HP-U300/122C,HT 50K,[0/0],0.6,[0/0] Degree fiber orientation with 15 mm gap in first layer,gap,True,0.0,15.0,eddycus:cfgaa92b593,eddycus:def6b98f5dd,4;7;8;12,0,101.0,451.0,45479.0,"Donnerstag, 6. Juli 2023 * 11:43:29",0.0
scan_00023,scan_00023.h5,True,"S13131 P3,3A 7,3 MHz","S13131P3,3A7,3MHz",HP-U300/122C,HT 50K,[0/0],0.6,[0/0] Degree fiber orientation with 20 mm gap in first layer,gap,True,0.0,20.0,eddycus:cfg049953ee,eddycus:defd6bdabc3,4;7;8;12,0,101.0,451.0,45467.0,"Dienstag, 4. Juli 2023 * 11:59:18",0.0
scan_00024,scan_00024.h5,True,"S13131 P3,3A 7,3 MHz","S13131P3,3A7,3MHz",HP-U300/122C,HT 50K,[0/0],0.6,[0/0] Degree fiber orientation with 20 mm gap in first layer,gap,True,0.0,20.0,eddycus:cfg049953ee,eddycus:defd6bdabc3,4;7;8;12,0,101.0,451.0,45477.0,"Dienstag, 4. Juli 2023 * 11:29:30",0.0
scan_00025,scan_00025.h5,True,"S13131 P3,3A 7,3 MHz","S13131P3,3A7,3MHz",HP-U300/122C,HT 50K,[0/0],0.6,[0/0] Degree fiber orientation with 20 mm gap in first layer,gap,True,0.0,20.0,eddycus:cfg049953ee,eddycus:defd6bdabc3,4;7;8;12,0,101.0,451.0,45512.0,"Dienstag, 4. Juli 2023 * 11:14:57",0.0
scan_00026,scan_00026.h5,True,"S13131 P3,3A 7,3 MHz","S13131P3,3A7,3MHz",HP-U300/122C,HT 50K,[0/0],0.6,[0/0] Degree fiber orientation with 25 mm gap in first layer,gap,True,0.0,25.0,eddycus:cfg25152931,eddycus:defd650205d,4;7;8;12,0,101.0,451.0,45514.0,"Mittwoch, 17. Mai 2023 * 13:30:51",0.0
scan_00027,scan_00027.h5,True,"S13131 P3,3A 7,3 MHz","S13131P3,3A7,3MHz",HP-U300/122C,HT 50K,[0/0],0.6,[0/0] Degree fiber orientation with 25 mm gap in first layer,gap,True,0.0,25.0,eddycus:cfg25152931,eddycus:defd650205d,4;7;8;12,0,101.0,451.0,45518.0,"Mittwoch, 17. Mai 2023 * 14:23:01",0.0
scan_00028,scan_00028.h5,True,"S13131 P3,3A 7,3 MHz","S13131P3,3A7,3MHz",HP-U300/122C,HT 50K,[0/0],0.6,[0/0] Degree fiber orientation with 25 mm gap in first layer,gap,True,0.0,25.0,eddycus:cfg25152931,eddycus:defd650205d,4;7;8;12,0,101.0,451.0,45524.0,"Mittwoch, 17. Mai 2023 * 15:15:56",0.0
scan_00029,scan_00029.h5,True,"S13131 P3,3A 7,3 MHz","S13131P3,3A7,3MHz",HP-U300/122C,HT 50K,[0/0],0.6,[0/0] Degree fiber orientation with 30 mm gap in first layer,gap,True,0.0,30.0,eddycus:cfg5b05b1b9,eddycus:defc1eee313,4;7;8;12,0,101.0,451.0,45527.0,"Mittwoch, 10. Mai 2023 * 12:42:20",0.0
scan_00030,scan_00030.h5,True,"S13131 P3,3A 7,3 MHz","S13131P3,3A7,3MHz",HP-U300/122C,HT 50K,[0/0],0.6,[0/0] Degree fiber orientation with 30 mm gap in first layer,gap,True,0.0,30.0,eddycus:cfg5b05b1b9,eddycus:defc1eee313,4;7;8;12,0,101.0,451.0,45531.0,"Mittwoch, 10. Mai 2023 * 14:05:27",0.0
scan_00031,scan_00031.h5,True,"S13131 P3,3A 7,3 MHz","S13131P3,3A7,3MHz",HP-U300/122C,HT 50K,[0/0],0.6,[0/0] Degree fiber orientation with 30 mm gap in first layer,gap,True,0.0,30.0,eddycus:cfg5b05b1b9,eddycus:defc1eee313,4;7;8;12,0,101.0,451.0,45527.0,"Mittwoch, 17. Mai 2023 * 12:29:40",0.0
scan_00032,scan_00032.h5,True,"S13131 P3,3A 7,3 MHz","S13131P3,3A7,3MHz",HP-U300/122C,HT 50K,[0/0],0.6,[0/0] Degree fiber orientation with 10 mm gap in second layer,gap,True,0.3,10.0,eddycus:cfg5b75b921,eddycus:def7951d5e7,4;7;8;12,0,101.0,451.0,45499.0,"Donnerstag, 6. Juli 2023 * 10:59:59",0.0
scan_00033,scan_00033.h5,True,"S13131 P3,3A 7,3 MHz","S13131P3,3A7,3MHz",HP-U300/122C,HT 50K,[0/0],0.6,[0/0] Degree fiber orientation with 10 mm gap in second layer,gap,True,0.3,10.0,eddycus:cfg5b75b921,eddycus:def7951d5e7,4;7;8;12,0,101.0,451.0,45494.0,"Donnerstag, 6. Juli 2023 * 10:30:00",0.0
scan_00034,scan_00034.h5,True,"S13131 P3,3A 7,3 MHz","S13131P3,3A7,3MHz",HP-U300/122C,HT 50K,[0/0],0.6,[0/0] Degree fiber orientation with 10 mm gap in second layer,gap,True,0.3,10.0,eddycus:cfg5b75b921,eddycus:def7951d5e7,4;7;8;12,0,101.0,451.0,45495.0,"Donnerstag, 6. Juli 2023 * 11:29:27",0.0
scan_00035,scan_00035.h5,True,"S13131 P3,3A 7,3 MHz","S13131P3,3A7,3MHz",HP-U300/122C,HT 50K,[0/0],0.6,[0/0] Degree fiber orientation with 15 mm gap in second layer,gap,True,0.3,15.0,eddycus:cfgc9a9fc5c,eddycus:def92d892e5,4;7;8;12,0,101.0,451.0,45486.0,"Donnerstag, 6. Juli 2023 * 13:13:22",0.0
scan_00036,scan_00036.h5,True,"S13131 P3,3A 7,3 MHz","S13131P3,3A7,3MHz",HP-U300/122C,HT 50K,[0/0],0.6,[0/0] Degree fiber orientation with 15 mm gap in second layer,gap,True,0.3,15.0,eddycus:cfgc9a9fc5c,eddycus:def92d892e5,4;7;8;12,0,101.0,451.0,45494.0,"Donnerstag, 6. Juli 2023 * 12:25:43",0.0
scan_00037,scan_00037.h5,True,"S13131 P3,3A 7,3 MHz","S13131P3,3A7,3MHz",HP-U300/122C,HT 50K,[0/0],0.6,[0/0] Degree fiber orientation with 15 mm gap in second layer,gap,True,0.3,15.0,eddycus:cfgc9a9fc5c,eddycus:def92d892e5,4;7;8;12,0,101.0,451.0,45497.0,"Donnerstag, 6. Juli 2023 * 11:56:48",0.0
scan_00038,scan_00038.h5,True,"S13131 P3,3A 7,3 MHz","S13131P3,3A7,3MHz",HP-U300/122C,HT 50K,[0/0],0.6,[0/0] Degree fiber orientation with 20 mm gap in second layer,gap,True,0.3,20.0,eddycus:cfg40e1a732,eddycus:defa27ceef1,4;7;8;12,0,101.0,451.0,45453.0,"Dienstag, 4. Juli 2023 * 12:12:48",0.0
scan_00039,scan_00039.h5,True,"S13131 P3,3A 7,3 MHz","S13131P3,3A7,3MHz",HP-U300/122C,HT 50K,[0/0],0.6,[0/0] Degree fiber orientation with 20 mm gap in second layer,gap,True,0.3,20.0,eddycus:cfg40e1a732,eddycus:defa27ceef1,4;7;8;12,0,101.0,451.0,45494.0,"Dienstag, 4. Juli 2023 * 11:45:58",0.0
scan_00040,scan_00040.h5,True,"S13131 P3,3A 7,3 MHz","S13131P3,3A7,3MHz",HP-U300/122C,HT 50K,[0/0],0.6,[0/0] Degree fiber orientation with 20 mm gap in second layer,gap,True,0.3,20.0,eddycus:cfg40e1a732,eddycus:defa27ceef1,4;7;8;12,0,101.0,451.0,45494.0,"Dienstag, 4. Juli 2023 * 11:01:38",0.0
scan_00041,scan_00041.h5,True,"S13131 P3,3A 7,3 MHz","S13131P3,3A7,3MHz",HP-U300/122C,HT 50K,[0/0],0.6,[0/0] Degree fiber orientation with 25 mm gap in second layer,gap,True,0.3,25.0,eddycus:cfgfb7bf17a,eddycus:defbd3a9015,4;7;8;12,0,101.0,451.0,45516.0,"Mittwoch, 17. Mai 2023 * 13:11:02",0.0
scan_00042,scan_00042.h5,True,"S13131 P3,3A 7,3 MHz","S13131P3,3A7,3MHz",HP-U300/122C,HT 50K,[0/0],0.6,[0/0] Degree fiber orientation with 25 mm gap in second layer,gap,True,0.3,25.0,eddycus:cfgfb7bf17a,eddycus:defbd3a9015,4;7;8;12,0,101.0,451.0,45525.0,"Mittwoch, 17. Mai 2023 * 14:10:09",0.0
scan_00043,scan_00043.h5,True,"S13131 P3,3A 7,3 MHz","S13131P3,3A7,3MHz",HP-U300/122C,HT 50K,[0/0],0.6,[0/0] Degree fiber orientation with 25 mm gap in second layer,gap,True,0.3,25.0,eddycus:cfgfb7bf17a,eddycus:defbd3a9015,4;7;8;12,0,101.0,451.0,45528.0,"Mittwoch, 17. Mai 2023 * 15:03:45",0.0
scan_00044,scan_00044.h5,True,"S13131 P3,3A 7,3 MHz","S13131P3,3A7,3MHz",HP-U300/122C,HT 50K,[0/0],0.6,[0/0] Degree fiber orientation with 30 mm gap in second layer,gap,True,0.3,30.0,eddycus:cfg19645a43,eddycus:defefbd9242,4;7;8;12,0,101.0,451.0,45509.0,"Mittwoch, 10. Mai 2023 * 11:34:23",0.0
scan_00045,scan_00045.h5,True,"S13131 P3,3A 7,3 MHz","S13131P3,3A7,3MHz",HP-U300/122C,HT 50K,[0/0],0.6,[0/0] Degree fiber orientation with 30 mm gap in second layer,gap,True,0.3,30.0,eddycus:cfg19645a43,eddycus:defefbd9242,4;7;8;12,0,101.0,451.0,45524.0,"Mittwoch, 10. Mai 2023 * 13:39:21",0.0
scan_00046,scan_00046.h5,True,"S13131 P3,3A 7,3 MHz","S13131P3,3A7,3MHz",HP-U300/122C,HT 50K,[0/0],0.6,[0/0] Degree fiber orientation with 30 mm gap in second layer,gap,True,0.3,30.0,eddycus:cfg19645a43,eddycus:defefbd9242,4;7;8;12,0,101.0,451.0,45496.0,"Mittwoch, 17. Mai 2023 * 12:15:33",0.0
scan_00047,scan_00047.h5,True,"S13131 P3,3A 7,3 MHz","S13131P3,3A7,3MHz",HP-U300/122C,HT 50K,[0/0],0.6,[0/0] Degree fiber orientation with 25 mm gap in second layer,gap,True,0.3,25.0,eddycus:cfgfb7bf17a,eddycus:defbd3a9015,4;7;8;12,0,101.0,451.0,45526.0,"Mittwoch, 17. Mai 2023 * 13:57:12",0.0
scan_00048,scan_00048.h5,True,"S13131 P3,3A 7,3 MHz","S13131P3,3A7,3MHz",HP-U300/122C,HT 50K,[0/90],0.6,[0/90] Degree fiber orientation with 10 mm gap in second layer,gap,True,0.3,10.0,eddycus:cfg078834ad,eddycus:def8e7d523c,4;7;8;12,0,101.0,451.0,45497.0,"Donnerstag, 6. Juli 2023 * 13:40:01",0.0
scan_00049,scan_00049.h5,True,"S13131 P3,3A 7,3 MHz","S13131P3,3A7,3MHz",HP-U300/122C,HT 50K,[0/90],0.6,[0/90] Degree fiber orientation with 10 mm gap in second layer,gap,True,0.3,10.0,eddycus:cfg078834ad,eddycus:def8e7d523c,4;7;8;12,0,101.0,451.0,45485.0,"Freitag, 7. Juli 2023 * 10:31:22",0.0
scan_00050,scan_00050.h5,True,"S13131 P3,3A 7,3 MHz","S13131P3,3A7,3MHz",HP-U300/122C,HT 50K,[0/90],0.6,[0/90] Degree fiber orientation with 10 mm gap in second layer,gap,True,0.3,10.0,eddycus:cfg078834ad,eddycus:def8e7d523c,4;7;8;12,0,101.0,451.0,45496.0,"Freitag, 7. Juli 2023 * 10:57:17",0.0
scan_00051,scan_00051.h5,True,"S13131 P3,3A 7,3 MHz","S13131P3,3A7,3MHz",HP-U300/122C,HT 50K,[0/90],0.6,[0/90] Degree fiber orientation with 15 mm gap in second layer,gap,True,0.3,15.0,eddycus:cfg33c634aa,eddycus:def742db647,4;7;8;12,0,101.0,451.0,45499.0,"Freitag, 7. Juli 2023 * 11:22:19",0.0
scan_00052,scan_00052.h5,True,"S13131 P3,3A 7,3 MHz","S13131P3,3A7,3MHz",HP-U300/122C,HT 50K,[0/90],0.6,[0/90] Degree fiber orientation with 15 mm gap in second layer,gap,True,0.3,15.0,eddycus:cfg33c634aa,eddycus:def742db647,4;7;8;12,0,101.0,451.0,45463.0,"Freitag, 7. Juli 2023 * 11:48:02",0.0
scan_00053,scan_00053.h5,True,"S13131 P3,3A 7,3 MHz","S13131P3,3A7,3MHz",HP-U300/122C,HT 50K,[0/90],0.6,[0/90] Degree fiber orientation with 15 mm gap in second layer,gap,True,0.3,15.0,eddycus:cfg33c634aa,eddycus:def742db647,4;7;8;12,0,101.0,451.0,45454.0,"Freitag, 7. Juli 2023 * 12:32:26",0.0
scan_00054,scan_00054.h5,True,"S13131 P3,3A 7,3 MHz","S13131P3,3A7,3MHz",HP-U300/122C,HT 50K,[0/90],0.6,[0/90] Degree fiber orientation with 20 mm gap in second layer,gap,True,0.3,20.0,eddycus:cfg3faa66bf,eddycus:def6331eb35,4;7;8;12,0,101.0,451.0,45476.0,"Montag, 10. Juli 2023 * 11:16:58",0.0
scan_00055,scan_00055.h5,True,"S13131 P3,3A 7,3 MHz","S13131P3,3A7,3MHz",HP-U300/122C,HT 50K,[0/90],0.6,[0/90] Degree fiber orientation with 20 mm gap in second layer,gap,True,0.3,20.0,eddycus:cfg3faa66bf,eddycus:def6331eb35,4;7;8;12,0,101.0,451.0,45464.0,"Montag, 10. Juli 2023 * 11:42:17",0.0
scan_00056,scan_00056.h5,True,"S13131 P3,3A 7,3 MHz","S13131P3,3A7,3MHz",HP-U300/122C,HT 50K,[0/90],0.6,[0/90] Degree fiber orientation with 20 mm gap in second layer,gap,True,0.3,20.0,eddycus:cfg3faa66bf,eddycus:def6331eb35,4;7;8;12,0,101.0,451.0,45457.0,"Montag, 10. Juli 2023 * 12:11:08",0.0
scan_00057,scan_00057.h5,True,"S13131 P3,3A 7,3 MHz","S13131P3,3A7,3MHz",HP-U300/122C,HT 50K,[0/90],0.6,[0/90] Degree fiber orientation with 25 mm gap in second layer,gap,True,0.3,25.0,eddycus:cfg1388d3a9,eddycus:def08d97f1f,4;7;8;12,0,101.0,451.0,45461.0,"Montag, 10. Juli 2023 * 12:43:46",0.0
scan_00058,scan_00058.h5,True,"S13131 P3,3A 7,3 MHz","S13131P3,3A7,3MHz",HP-U300/122C,HT 50K,[0/90],0.6,[0/90] Degree fiber orientation with 25 mm gap in second layer,gap,True,0.3,25.0,eddycus:cfg1388d3a9,eddycus:def08d97f1f,4;7;8;12,0,101.0,451.0,45003.0,"Montag, 10. Juli 2023 * 13:08:49",0.0
scan_00059,scan_00059.h5,True,"S13131 P3,3A 7,3 MHz","S13131P3,3A7,3MHz",HP-U300/122C,HT 50K,[0/90],0.6,[0/90] Degree fiber orientation with 25 mm gap in second layer,gap,True,0.3,25.0,eddycus:cfg1388d3a9,eddycus:def08d97f1f,4;7;8;12,0,101.0,451.0,45458.0,"Montag, 10. Juli 2023 * 13:35:05",0.0
scan_00060,scan_00060.h5,True,"S13131 P3,3A 7,3 MHz","S13131P3,3A7,3MHz",HP-U300/122C,HT 50K,[0/90],0.6,[0/90] Degree fiber orientation with 30 mm gap in second layer,gap,True,0.3,30.0,eddycus:cfg3d453410,eddycus:def767f5307,4;7;8;12,0,101.0,451.0,45481.0,"Montag, 10. Juli 2023 * 14:00:19",0.0
scan_00061,scan_00061.h5,True,"S13131 P3,3A 7,3 MHz","S13131P3,3A7,3MHz",HP-U300/122C,HT 50K,[0/90],0.6,[0/90] Degree fiber orientation with 30 mm gap in second layer,gap,True,0.3,30.0,eddycus:cfg3d453410,eddycus:def767f5307,4;7;8;12,0,101.0,451.0,45466.0,"Montag, 10. Juli 2023 * 14:25:01",0.0
scan_00062,scan_00062.h5,True,"S13131 P3,3A 7,3 MHz","S13131P3,3A7,3MHz",HP-U300/122C,HT 50K,[0/90],0.6,[0/90] Degree fiber orientation with 30 mm gap in second layer,gap,True,0.3,30.0,eddycus:cfg3d453410,eddycus:def767f5307,4;7;8;12,0,101.0,451.0,45453.0,"Montag, 10. Juli 2023 * 14:50:32",0.0
scan_00063,scan_00063.h5,True,"S13131 P3,3A 7,3 MHz","S13131P3,3A7,3MHz",HP-U300/122C,HT 50K,[0/90],0.6,[0/90] Degree fiber orientation with 0 mm gap in first layer,gap,True,0.0,0.0,eddycus:cfgdc555cc9,eddycus:def25e6cbd9,4;7;8;12,0,101.0,451.0,45519.0,"Donnerstag, 11. Mai 2023 * 10:38:31",0.0
scan_00064,scan_00064.h5,True,"S13131 P3,3A 7,3 MHz","S13131P3,3A7,3MHz",HP-U300/122C,HT 50K,[0/90],0.6,[0/90] Degree fiber orientation with 0 mm gap in first layer,gap,True,0.0,0.0,eddycus:cfgdc555cc9,eddycus:def25e6cbd9,4;7;8;12,0,101.0,451.0,45526.0,"Donnerstag, 11. Mai 2023 * 10:00:17",0.0
scan_00065,scan_00065.h5,True,"S13131 P3,3A 7,3 MHz","S13131P3,3A7,3MHz",HP-U300/122C,HT 50K,[0/90],0.6,[0/90] Degree fiber orientation with 0 mm gap in first layer,gap,True,0.0,0.0,eddycus:cfgdc555cc9,eddycus:def25e6cbd9,4;7;8;12,0,101.0,451.0,45522.0,"Donnerstag, 11. Mai 2023 * 11:03:45",0.0
scan_00066,scan_00066.h5,True,"S13131 P3,3A 7,3 MHz","S13131P3,3A7,3MHz",HP-U300/122C,HT 50K,[45/90],0.6,[45/90] Degree fiber orientation with 10 mm gap in first layer,gap,True,0.0,10.0,eddycus:cfg414f073a,eddycus:defa1a267c9,4;7;8;12,0,101.0,450.0,45450.0,"Dienstag, 18. Juli 2023 * 10:15:10",0.0
scan_00067,scan_00067.h5,True,"S13131 P3,3A 7,3 MHz","S13131P3,3A7,3MHz",HP-U300/122C,HT 50K,[45/90],0.6,[45/90] Degree fiber orientation with 10 mm gap in first layer,gap,True,0.0,10.0,eddycus:cfg414f073a,eddycus:defa1a267c9,4;7;8;12,0,101.0,451.0,45495.0,"Dienstag, 18. Juli 2023 * 09:44:27",0.0
scan_00068,scan_00068.h5,True,"S13131 P3,3A 7,3 MHz","S13131P3,3A7,3MHz",HP-U300/122C,HT 50K,[45/90],0.6,[45/90] Degree fiber orientation with 10 mm gap in first layer,gap,True,0.0,10.0,eddycus:cfg414f073a,eddycus:defa1a267c9,4;7;8;12,0,101.0,451.0,45452.0,"Dienstag, 18. Juli 2023 * 09:16:18",0.0
scan_00069,scan_00069.h5,True,"S13131 P3,3A 7,3 MHz","S13131P3,3A7,3MHz",HP-U300/122C,HT 50K,[45/90],0.6,[45/90] Degree fiber orientation with 15 mm gap in first layer,gap,True,0.0,15.0,eddycus:cfgc4f04542,eddycus:defea81d923,4;7;8;12,0,101.0,451.0,45457.0,"Donnerstag, 20. Juli 2023 * 10:01:46",0.0
scan_00070,scan_00070.h5,True,"S13131 P3,3A 7,3 MHz","S13131P3,3A7,3MHz",HP-U300/122C,HT 50K,[45/90],0.6,[45/90] Degree fiber orientation with 15 mm gap in first layer,gap,True,0.0,15.0,eddycus:cfgc4f04542,eddycus:defea81d923,4;7;8;12,0,101.0,451.0,45484.0,"Donnerstag, 20. Juli 2023 * 09:48:55",0.0
scan_00071,scan_00071.h5,True,"S13131 P3,3A 7,3 MHz","S13131P3,3A7,3MHz",HP-U300/122C,HT 50K,[45/90],0.6,[45/90] Degree fiber orientation with 15 mm gap in first layer,gap,True,0.0,15.0,eddycus:cfgc4f04542,eddycus:defea81d923,4;7;8;12,0,101.0,451.0,45464.0,"Donnerstag, 20. Juli 2023 * 09:16:44",0.0
scan_00072,scan_00072.h5,True,"S13131 P3,3A 7,3 MHz","S13131P3,3A7,3MHz",HP-U300/122C,HT 50K,[45/90],0.6,[45/90] Degree fiber orientation with 20 mm gap in first layer,gap,True,0.0,20.0,eddycus:cfgd5048805,eddycus:defed560952,4;7;8;12,0,101.0,451.0,45469.0,"Donnerstag, 20. Juli 2023 * 14:28:58",0.0
scan_00073,scan_00073.h5,True,"S13131 P3,3A 7,3 MHz","S13131P3,3A7,3MHz",HP-U300/122C,HT 50K,[45/90],0.6,[45/90] Degree fiber orientation with 20 mm gap in first layer,gap,True,0.0,20.0,eddycus:cfgd5048805,eddycus:defed560952,4;7;8;12,0,101.0,451.0,45452.0,"Donnerstag, 20. Juli 2023 * 13:03:40",0.0
scan_00074,scan_00074.h5,True,"S13131 P3,3A 7,3 MHz","S13131P3,3A7,3MHz",HP-U300/122C,HT 50K,[45/90],0.6,[45/90] Degree fiber orientation with 20 mm gap in first layer,gap,True,0.0,20.0,eddycus:cfgd5048805,eddycus:defed560952,4;7;8;12,0,101.0,451.0,45468.0,"Donnerstag, 20. Juli 2023 * 13:17:53",0.0
scan_00075,scan_00075.h5,True,"S13131 P3,3A 7,3 MHz","S13131P3,3A7,3MHz",HP-U300/122C,HT 50K,[45/90],0.6,[45/90] Degree fiber orientation with 25 mm gap in first layer,gap,True,0.0,25.0,eddycus:cfgca2e8647,eddycus:def9e458ba2,4;7;8;12,0,101.0,451.0,45462.0,"Mittwoch, 26. Juli 2023 * 10:47:31",0.0
scan_00076,scan_00076.h5,True,"S13131 P3,3A 7,3 MHz","S13131P3,3A7,3MHz",HP-U300/122C,HT 50K,[45/90],0.6,[45/90] Degree fiber orientation with 25 mm gap in first layer,gap,True,0.0,25.0,eddycus:cfgca2e8647,eddycus:def9e458ba2,4;7;8;12,0,101.0,451.0,45461.0,"Mittwoch, 26. Juli 2023 * 10:29:58",0.0
scan_00077,scan_00077.h5,True,"S13131 P3,3A 7,3 MHz","S13131P3,3A7,3MHz",HP-U300/122C,HT 50K,[45/90],0.6,[45/90] Degree fiber orientation with 25 mm gap in first layer,gap,True,0.0,25.0,eddycus:cfgca2e8647,eddycus:def9e458ba2,4;7;8;12,0,101.0,451.0,45460.0,"Mittwoch, 26. Juli 2023 * 09:59:01",0.0
scan_00078,scan_00078.h5,True,"S13131 P3,3A 7,3 MHz","S13131P3,3A7,3MHz",HP-U300/122C,HT 50K,[45/90],0.6,[45/90] Degree fiber orientation with 30 mm gap in first layer,gap,True,0.0,30.0,eddycus:cfg9caadd29,eddycus:def8149febc,4;7;8;12,0,101.0,451.0,45490.0,"Donnerstag, 27. Juli 2023 * 09:17:20",0.0
scan_00079,scan_00079.h5,True,"S13131 P3,3A 7,3 MHz","S13131P3,3A7,3MHz",HP-U300/122C,HT 50K,[45/90],0.6,[45/90] Degree fiber orientation with 30 mm gap in first layer,gap,True,0.0,30.0,eddycus:cfg9caadd29,eddycus:def8149febc,4;7;8;12,0,101.0,451.0,45460.0,"Mittwoch, 26. Juli 2023 * 14:58:28",0.0
scan_00080,scan_00080.h5,True,"S13131 P3,3A 7,3 MHz","S13131P3,3A7,3MHz",HP-U300/122C,HT 50K,[45/90],0.6,[45/90] Degree fiber orientation with 30 mm gap in first layer,gap,True,0.0,30.0,eddycus:cfg9caadd29,eddycus:def8149febc,4;7;8;12,0,101.0,451.0,45487.0,"Mittwoch, 26. Juli 2023 * 14:29:51",0.0
scan_00081,scan_00081.h5,True,"S13131 P3,3A 7,3 MHz","S13131P3,3A7,3MHz",HP-U300/122C,HT 50K,[45/90],0.6,[45/90] Degree fiber orientation with 10 mm gap in second layer,gap,True,0.3,10.0,eddycus:cfg05f0be6c,eddycus:def9d317128,4;7;8;12,0,101.0,451.0,45499.0,"Dienstag, 18. Juli 2023 * 15:05:20",0.0
scan_00082,scan_00082.h5,True,"S13131 P3,3A 7,3 MHz","S13131P3,3A7,3MHz",HP-U300/122C,HT 50K,[45/90],0.6,[45/90] Degree fiber orientation with 10 mm gap in second layer,gap,True,0.3,10.0,eddycus:cfg05f0be6c,eddycus:def9d317128,4;7;8;12,0,101.0,451.0,45517.0,"Dienstag, 18. Juli 2023 * 14:51:17",0.0
scan_00083,scan_00083.h5,True,"S13131 P3,3A 7,3 MHz","S13131P3,3A7,3MHz",HP-U300/122C,HT 50K,[45/90],0.6,[45/90] Degree fiber orientation with 10 mm gap in second layer,gap,True,0.3,10.0,eddycus:cfg05f0be6c,eddycus:def9d317128,4;7;8;12,0,101.0,451.0,45451.0,"Dienstag, 18. Juli 2023 * 14:22:16",0.0
scan_00084,scan_00084.h5,True,"S13131 P3,3A 7,3 MHz","S13131P3,3A7,3MHz",HP-U300/122C,HT 50K,[45/90],0.6,[45/90] Degree fiber orientation with 15 mm gap in second layer,gap,True,0.3,15.0,eddycus:cfg54dfe800,eddycus:defb1bb3889,4;7;8;12,0,101.0,451.0,45477.0,"Donnerstag, 20. Juli 2023 * 11:39:34",0.0
scan_00085,scan_00085.h5,True,"S13131 P3,3A 7,3 MHz","S13131P3,3A7,3MHz",HP-U300/122C,HT 50K,[45/90],0.6,[45/90] Degree fiber orientation with 15 mm gap in second layer,gap,True,0.3,15.0,eddycus:cfg54dfe800,eddycus:defb1bb3889,4;7;8;12,0,101.0,451.0,45500.0,"Donnerstag, 20. Juli 2023 * 11:09:25",0.0
scan_00086,scan_00086.h5,True,"S13131 P3,3A 7,3 MHz","S13131P3,3A7,3MHz",HP-U300/122C,HT 50K,[45/90],0.6,[45/90] Degree fiber orientation with 15 mm gap in second layer,gap,True,0.3,15.0,eddycus:cfg54dfe800,eddycus:defb1bb3889,4;7;8;12,0,101.0,451.0,45453.0,"Donnerstag, 20. Juli 2023 * 10:41:41",0.0
scan_00087,scan_00087.h5,True,"S13131 P3,3A 7,3 MHz","S13131P3,3A7,3MHz",HP-U300/122C,HT 50K,[45/90],0.6,[45/90] Degree fiber orientation with 20 mm gap in second layer,gap,True,0.3,20.0,eddycus:cfgdce0a6d6,eddycus:def886c6770,4;7;8;12,0,101.0,451.0,45456.0,"Mittwoch, 26. Juli 2023 * 09:31:40",0.0
scan_00088,scan_00088.h5,True,"S13131 P3,3A 7,3 MHz","S13131P3,3A7,3MHz",HP-U300/122C,HT 50K,[45/90],0.6,[45/90] Degree fiber orientation with 20 mm gap in second layer,gap,True,0.3,20.0,eddycus:cfgdce0a6d6,eddycus:def886c6770,4;7;8;12,0,101.0,451.0,45458.0,"Mittwoch, 26. Juli 2023 * 09:04:46",0.0
scan_00089,scan_00089.h5,True,"S13131 P3,3A 7,3 MHz","S13131P3,3A7,3MHz",HP-U300/122C,HT 50K,[45/90],0.6,[45/90] Degree fiber orientation with 20 mm gap in second layer,gap,True,0.3,20.0,eddycus:cfgdce0a6d6,eddycus:def886c6770,4;7;8;12,0,101.0,451.0,45462.0,"Mittwoch, 26. Juli 2023 * 08:35:56",0.0
scan_00090,scan_00090.h5,True,"S13131 P3,3A 7,3 MHz","S13131P3,3A7,3MHz",HP-U300/122C,HT 50K,[45/90],0.6,[45/90] Degree fiber orientation with 25 mm gap in second layer,gap,True,0.3,25.0,eddycus:cfgb6ab6f10,eddycus:def4d3fad6c,4;7;8;12,0,101.0,451.0,45460.0,"Mittwoch, 26. Juli 2023 * 12:41:35",0.0
scan_00091,scan_00091.h5,True,"S13131 P3,3A 7,3 MHz","S13131P3,3A7,3MHz",HP-U300/122C,HT 50K,[45/90],0.6,[45/90] Degree fiber orientation with 25 mm gap in second layer,gap,True,0.3,25.0,eddycus:cfgb6ab6f10,eddycus:def4d3fad6c,4;7;8;12,0,101.0,451.0,45458.0,"Mittwoch, 26. Juli 2023 * 12:26:57",0.0
scan_00092,scan_00092.h5,True,"S13131 P3,3A 7,3 MHz","S13131P3,3A7,3MHz",HP-U300/122C,HT 50K,[45/90],0.6,[45/90] Degree fiber orientation with 25 mm gap in second layer,gap,True,0.3,25.0,eddycus:cfgb6ab6f10,eddycus:def4d3fad6c,4;7;8;12,0,101.0,451.0,45460.0,"Mittwoch, 26. Juli 2023 * 11:56:17",0.0
scan_00093,scan_00093.h5,True,"S13131 P3,3A 7,3 MHz","S13131P3,3A7,3MHz",HP-U300/122C,HT 50K,[45/90],0.6,[45/90] Degree fiber orientation with 30 mm gap in second layer,gap,True,0.3,30.0,eddycus:cfg0f37abb7,eddycus:def73a7dacb,4;7;8;12,0,101.0,451.0,45465.0,"Mittwoch, 26. Juli 2023 * 14:02:37",0.0
scan_00094,scan_00094.h5,True,"S13131 P3,3A 7,3 MHz","S13131P3,3A7,3MHz",HP-U300/122C,HT 50K,[45/90],0.6,[45/90] Degree fiber orientation with 30 mm gap in second layer,gap,True,0.3,30.0,eddycus:cfg0f37abb7,eddycus:def73a7dacb,4;7;8;12,0,101.0,451.0,45458.0,"Mittwoch, 26. Juli 2023 * 13:36:27",0.0
scan_00095,scan_00095.h5,True,"S13131 P3,3A 7,3 MHz","S13131P3,3A7,3MHz",HP-U300/122C,HT 50K,[45/90],0.6,[45/90] Degree fiber orientation with 30 mm gap in second layer,gap,True,0.3,30.0,eddycus:cfg0f37abb7,eddycus:def73a7dacb,4;7;8;12,0,101.0,451.0,45476.0,"Mittwoch, 26. Juli 2023 * 13:09:44",0.0
scan_00096,scan_00096.h5,True,"S13131 P3,3A 7,3 MHz","S13131P3,3A7,3MHz",HP-U300/122C,HT 50K,[45/90],0.6,[45/90] Degree fiber orientation with 0 mm gap in first layer,gap,True,0.0,0.0,eddycus:cfg18100ce1,eddycus:defefc10f68,4;7;8;12,0,101.0,451.0,45499.0,"Donnerstag, 27. Juli 2023 * 09:45:24",0.0
scan_00097,scan_00097.h5,True,"S13131 P3,3A 7,3 MHz","S13131P3,3A7,3MHz",HP-U300/122C,HT 50K,[45/90],0.6,[45/90] Degree fiber orientation with 0 mm gap in first layer,gap,True,0.0,0.0,eddycus:cfg18100ce1,eddycus:defefc10f68,4;7;8;12,0,101.0,451.0,45466.0,"Donnerstag, 27. Juli 2023 * 10:11:37",0.0
scan_00098,scan_00098.h5,True,"S13131 P3,3A 7,3 MHz","S13131P3,3A7,3MHz",HP-U300/122C,HT 50K,[45/90],0.6,[45/90] Degree fiber orientation with 0 mm gap in first layer,gap,True,0.0,0.0,eddycus:cfg18100ce1,eddycus:defefc10f68,4;7;8;12,0,101.0,451.0,45486.0,"Donnerstag, 27. Juli 2023 * 10:38:35",0.0
scan_00099,scan_00099.h5,True,"S13131 P3,3A 7,3 MHz","S13131P3,3A7,3MHz",HP-U300/122C,HT 50K,[90/0],0.6,[90/0] Degree fiber orientation with 10 mm gap in first layer,gap,True,0.0,10.0,eddycus:cfg0ac9691e,eddycus:defac66f738,4;7;8;12,0,101.0,451.0,45494.0,"Donnerstag, 6. Juli 2023 * 13:27:18",0.0
scan_00100,scan_00100.h5,True,"S13131 P3,3A 7,3 MHz","S13131P3,3A7,3MHz",HP-U300/122C,HT 50K,[90/0],0.6,[90/0] Degree fiber orientation with 10 mm gap in first layer,gap,True,0.0,10.0,eddycus:cfg0ac9691e,eddycus:defac66f738,4;7;8;12,0,101.0,451.0,45499.0,"Freitag, 7. Juli 2023 * 10:17:48",0.0
scan_00101,scan_00101.h5,True,"S13131 P3,3A 7,3 MHz","S13131P3,3A7,3MHz",HP-U300/122C,HT 50K,[90/0],0.6,[90/0] Degree fiber orientation with 10 mm gap in first layer,gap,True,0.0,10.0,eddycus:cfg0ac9691e,eddycus:defac66f738,4;7;8;12,0,101.0,451.0,45500.0,"Freitag, 7. Juli 2023 * 10:44:46",0.0
scan_00102,scan_00102.h5,True,"S13131 P3,3A 7,3 MHz","S13131P3,3A7,3MHz",HP-U300/122C,HT 50K,[90/0],0.6,[90/0] Degree fiber orientation with 15 mm gap in first layer,gap,True,0.0,15.0,eddycus:cfg9579df00,eddycus:def758a5500,4;7;8;12,0,101.0,451.0,45491.0,"Freitag, 7. Juli 2023 * 11:09:54",0.0
scan_00103,scan_00103.h5,True,"S13131 P3,3A 7,3 MHz","S13131P3,3A7,3MHz",HP-U300/122C,HT 50K,[90/0],0.6,[90/0] Degree fiber orientation with 15 mm gap in first layer,gap,True,0.0,15.0,eddycus:cfg9579df00,eddycus:def758a5500,4;7;8;12,0,101.0,451.0,45457.0,"Freitag, 7. Juli 2023 * 11:35:17",0.0
scan_00104,scan_00104.h5,True,"S13131 P3,3A 7,3 MHz","S13131P3,3A7,3MHz",HP-U300/122C,HT 50K,[90/0],0.6,[90/0] Degree fiber orientation with 15 mm gap in first layer,gap,True,0.0,15.0,eddycus:cfg9579df00,eddycus:def758a5500,4;7;8;12,0,101.0,451.0,45452.0,"Freitag, 7. Juli 2023 * 12:19:57",0.0
scan_00105,scan_00105.h5,True,"S13131 P3,3A 7,3 MHz","S13131P3,3A7,3MHz",HP-U300/122C,HT 50K,[90/0],0.6,[90/0] Degree fiber orientation with 20 mm gap in first layer,gap,True,0.0,20.0,eddycus:cfg8790dddb,eddycus:def93895dc3,4;7;8;12,0,101.0,451.0,45495.0,"Montag, 10. Juli 2023 * 11:04:11",0.0
scan_00106,scan_00106.h5,True,"S13131 P3,3A 7,3 MHz","S13131P3,3A7,3MHz",HP-U300/122C,HT 50K,[90/0],0.6,[90/0] Degree fiber orientation with 20 mm gap in first layer,gap,True,0.0,20.0,eddycus:cfg8790dddb,eddycus:def93895dc3,4;7;8;12,0,101.0,451.0,45476.0,"Montag, 10. Juli 2023 * 11:29:44",0.0
scan_00107,scan_00107.h5,True,"S13131 P3,3A 7,3 MHz","S13131P3,3A7,3MHz",HP-U300/122C,HT 50K,[90/0],0.6,[90/0] Degree fiber orientation with 20 mm gap in first layer,gap,True,0.0,20.0,eddycus:cfg8790dddb,eddycus:def93895dc3,4;7;8;12,0,101.0,451.0,45463.0,"Montag, 10. Juli 2023 * 11:57:47",0.0
scan_00108,scan_00108.h5,True,"S13131 P3,3A 7,3 MHz","S13131P3,3A7,3MHz",HP-U300/122C,HT 50K,[90/0],0.6,[90/0] Degree fiber orientation with 25 mm gap in first layer,gap,True,0.0,25.0,eddycus:cfg6c9f5186,eddycus:def2c545343,4;7;8;12,0,101.0,451.0,45472.0,"Montag, 10. Juli 2023 * 12:27:14",0.0
scan_00109,scan_00109.h5,True,"S13131 P3,3A 7,3 MHz","S13131P3,3A7,3MHz",HP-U300/122C,HT 50K,[90/0],0.6,[90/0] Degree fiber orientation with 25 mm gap in first layer,gap,True,0.0,25.0,eddycus:cfg6c9f5186,eddycus:def2c545343,4;7;8;12,0,101.0,451.0,45451.0,"Montag, 10. Juli 2023 * 12:56:22",0.0
scan_00110,scan_00110.h5,True,"S13131 P3,3A 7,3 MHz","S13131P3,3A7,3MHz",HP-U300/122C,HT 50K,[90/0],0.6,[90/0] Degree fiber orientation with 25 mm gap in first layer,gap,True,0.0,25.0,eddycus:cfg6c9f5186,eddycus:def2c545343,4;7;8;12,0,101.0,451.0,45469.0,"Montag, 10. Juli 2023 * 13:22:03",0.0
scan_00111,scan_00111.h5,True,"S13131 P3,3A 7,3 MHz","S13131P3,3A7,3MHz",HP-U300/122C,HT 50K,[90/0],0.6,[90/0] Degree fiber orientation with 30 mm gap in first layer,gap,True,0.0,30.0,eddycus:cfg814b83f9,eddycus:def3c566448,4;7;8;12,0,101.0,451.0,45455.0,"Montag, 10. Juli 2023 * 13:48:06",0.0
scan_00112,scan_00112.h5,True,"S13131 P3,3A 7,3 MHz","S13131P3,3A7,3MHz",HP-U300/122C,HT 50K,[90/0],0.6,[90/0] Degree fiber orientation with 30 mm gap in first layer,gap,True,0.0,30.0,eddycus:cfg814b83f9,eddycus:def3c566448,4;7;8;12,0,101.0,451.0,45483.0,"Montag, 10. Juli 2023 * 14:12:43",0.0
scan_00113,scan_00113.h5,True,"S13131 P3,3A 7,3 MHz","S13131P3,3A7,3MHz",HP-U300/122C,HT 50K,[90/0],0.6,[90/0] Degree fiber orientation with 30 mm gap in first layer,gap,True,0.0,30.0,eddycus:cfg814b83f9,eddycus:def3c566448,4;7;8;12,0,101.0,451.0,45484.0,"Montag, 10. Juli 2023 * 14:38:14",0.0
scan_00114,scan_00114.h5,True,"S13131 P3,3A 7,3 MHz","S13131P3,3A7,3MHz",HP-U300/122C,HT 50K,[90/0],0.6,[90/0] Degree fiber orientation with 0 mm gap in first layer,gap,True,0.0,0.0,eddycus:cfg8e148bda,eddycus:defc000a57d,4;7;8;12,0,101.0,451.0,45525.0,"Donnerstag, 11. Mai 2023 * 10:25:52",0.0
scan_00115,scan_00115.h5,True,"S13131 P3,3A 7,3 MHz","S13131P3,3A7,3MHz",HP-U300/122C,HT 50K,[90/0],0.6,[90/0] Degree fiber orientation with 0 mm gap in first layer,gap,True,0.0,0.0,eddycus:cfg8e148bda,eddycus:defc000a57d,4;7;8;12,0,101.0,451.0,45520.0,"Donnerstag, 11. Mai 2023 * 10:12:50",0.0
scan_00116,scan_00116.h5,True,"S13131 P3,3A 7,3 MHz","S13131P3,3A7,3MHz",HP-U300/122C,HT 50K,[90/0],0.6,[90/0] Degree fiber orientation with 0 mm gap in first layer,gap,True,0.0,0.0,eddycus:cfg8e148bda,eddycus:defc000a57d,4;7;8;12,0,101.0,451.0,45520.0,"Donnerstag, 11. Mai 2023 * 10:51:10",0.0
scan_00117,scan_00117.h5,True,"S13131 P3,3A 7,3 MHz","S13131P3,3A7,3MHz",HP-U300/122C,HT 50K,[90/45],0.6,[90/45] Degree fiber orientation with 10 mm gap in first layer,gap,True,0.0,10.0,eddycus:cfg4f94a084,eddycus:def1aa74720,4;7;8;12,0,101.0,451.0,45454.0,"Dienstag, 18. Juli 2023 * 15:17:32",0.0
scan_00118,scan_00118.h5,True,"S13131 P3,3A 7,3 MHz","S13131P3,3A7,3MHz",HP-U300/122C,HT 50K,[90/45],0.6,[90/45] Degree fiber orientation with 10 mm gap in first layer,gap,True,0.0,10.0,eddycus:cfg4f94a084,eddycus:def1aa74720,4;7;8;12,0,101.0,451.0,45466.0,"Dienstag, 18. Juli 2023 * 14:36:33",0.0
scan_00119,scan_00119.h5,True,"S13131 P3,3A 7,3 MHz","S13131P3,3A7,3MHz",HP-U300/122C,HT 50K,[90/45],0.6,[90/45] Degree fiber orientation with 10 mm gap in first layer,gap,True,0.0,10.0,eddycus:cfg4f94a084,eddycus:def1aa74720,4;7;8;12,0,101.0,451.0,45454.0,"Dienstag, 18. Juli 2023 * 14:07:39",0.0
scan_00120,scan_00120.h5,True,"S13131 P3,3A 7,3 MHz","S13131P3,3A7,3MHz",HP-U300/122C,HT 50K,[90/45],0.6,[90/45] Degree fiber orientation with 15 mm gap in first layer,gap,True,0.0,15.0,eddycus:cfg5b5bb499,eddycus:def299504c3,4;7;8;12,0,101.0,451.0,45456.0,"Donnerstag, 20. Juli 2023 * 11:23:02",0.0
scan_00121,scan_00121.h5,True,"S13131 P3,3A 7,3 MHz","S13131P3,3A7,3MHz",HP-U300/122C,HT 50K,[90/45],0.6,[90/45] Degree fiber orientation with 15 mm gap in first layer,gap,True,0.0,15.0,eddycus:cfg5b5bb499,eddycus:def299504c3,4;7;8;12,0,101.0,451.0,45461.0,"Donnerstag, 20. Juli 2023 * 10:55:56",0.0
scan_00122,scan_00122.h5,True,"S13131 P3,3A 7,3 MHz","S13131P3,3A7,3MHz",HP-U300/122C,HT 50K,[90/45],0.6,[90/45] Degree fiber orientation with 15 mm gap in first layer,gap,True,0.0,15.0,eddycus:cfg5b5bb499,eddycus:def299504c3,4;7;8;12,0,101.0,451.0,45460.0,"Donnerstag, 20. Juli 2023 * 10:28:49",0.0
scan_00123,scan_00123.h5,True,"S13131 P3,3A 7,3 MHz","S13131P3,3A7,3MHz",HP-U300/122C,HT 50K,[90/45],0.6,[90/45] Degree fiber orientation with 20 mm gap in first layer,gap,True,0.0,20.0,eddycus:cfgf21c18b7,eddycus:def930ad50f,4;7;8;12,0,101.0,451.0,45474.0,"Mittwoch, 26. Juli 2023 * 09:18:55",0.0
scan_00124,scan_00124.h5,True,"S13131 P3,3A 7,3 MHz","S13131P3,3A7,3MHz",HP-U300/122C,HT 50K,[90/45],0.6,[90/45] Degree fiber orientation with 20 mm gap in first layer,gap,True,0.0,20.0,eddycus:cfgf21c18b7,eddycus:def930ad50f,4;7;8;12,0,101.0,451.0,45493.0,"Mittwoch, 26. Juli 2023 * 08:52:10",0.0
scan_00125,scan_00125.h5,True,"S13131 P3,3A 7,3 MHz","S13131P3,3A7,3MHz",HP-U300/122C,HT 50K,[90/45],0.6,[90/45] Degree fiber orientation with 20 mm gap in first layer,gap,True,0.0,20.0,eddycus:cfgf21c18b7,eddycus:def930ad50f,4;7;8;12,0,101.0,451.0,45473.0,"Mittwoch, 26. Juli 2023 * 08:23:27",0.0
scan_00126,scan_00126.h5,True,"S13131 P3,3A 7,3 MHz","S13131P3,3A7,3MHz",HP-U300/122C,HT 50K,[90/45],0.6,[90/45] Degree fiber orientation with 25 mm gap in first layer,gap,True,0.0,25.0,eddycus:cfg3d93d100,eddycus:def158bf391,4;7;8;12,0,101.0,451.0,45470.0,"Mittwoch, 26. Juli 2023 * 12:55:06",0.0
scan_00127,scan_00127.h5,True,"S13131 P3,3A 7,3 MHz","S13131P3,3A7,3MHz",HP-U300/122C,HT 50K,[90/45],0.6,[90/45] Degree fiber orientation with 25 mm gap in first layer,gap,True,0.0,25.0,eddycus:cfg3d93d100,eddycus:def158bf391,4;7;8;12,0,101.0,451.0,45473.0,"Mittwoch, 26. Juli 2023 * 12:13:31",0.0
scan_00128,scan_00128.h5,True,"S13131 P3,3A 7,3 MHz","S13131P3,3A7,3MHz",HP-U300/122C,HT 50K,[90/45],0.6,[90/45] Degree fiber orientation with 25 mm gap in first layer,gap,True,0.0,25.0,eddycus:cfg3d93d100,eddycus:def158bf391,4;7;8;12,0,101.0,451.0,45480.0,"Mittwoch, 26. Juli 2023 * 11:42:55",0.0
scan_00129,scan_00129.h5,True,"S13131 P3,3A 7,3 MHz","S13131P3,3A7,3MHz",HP-U300/122C,HT 50K,[90/45],0.6,[90/45] Degree fiber orientation with 30 mm gap in first layer,gap,True,0.0,30.0,eddycus:cfg91248ae2,eddycus:def378251f8,4;7;8;12,0,101.0,451.0,45461.0,"Mittwoch, 26. Juli 2023 * 14:15:30",0.0
scan_00130,scan_00130.h5,True,"S13131 P3,3A 7,3 MHz","S13131P3,3A7,3MHz",HP-U300/122C,HT 50K,[90/45],0.6,[90/45] Degree fiber orientation with 30 mm gap in first layer,gap,True,0.0,30.0,eddycus:cfg91248ae2,eddycus:def378251f8,4;7;8;12,0,101.0,451.0,45457.0,"Mittwoch, 26. Juli 2023 * 13:49:24",0.0
scan_00131,scan_00131.h5,True,"S13131 P3,3A 7,3 MHz","S13131P3,3A7,3MHz",HP-U300/122C,HT 50K,[90/45],0.6,[90/45] Degree fiber orientation with 30 mm gap in first layer,gap,True,0.0,30.0,eddycus:cfg91248ae2,eddycus:def378251f8,4;7;8;12,0,101.0,451.0,45489.0,"Mittwoch, 26. Juli 2023 * 13:22:50",0.0
scan_00132,scan_00132.h5,True,"S13131 P3,3A 7,3 MHz","S13131P3,3A7,3MHz",HP-U300/122C,HT 50K,[90/45],0.6,[90/45] Degree fiber orientation with 10 mm gap in second layer,gap,True,0.3,10.0,eddycus:cfge8ab1723,eddycus:def150fe2ce,4;7;8;12,0,101.0,451.0,45451.0,"Dienstag, 18. Juli 2023 * 09:59:14",0.0
scan_00133,scan_00133.h5,True,"S13131 P3,3A 7,3 MHz","S13131P3,3A7,3MHz",HP-U300/122C,HT 50K,[90/45],0.6,[90/45] Degree fiber orientation with 10 mm gap in second layer,gap,True,0.3,10.0,eddycus:cfge8ab1723,eddycus:def150fe2ce,4;7;8;12,0,101.0,450.0,45450.0,"Dienstag, 18. Juli 2023 * 09:31:14",0.0
scan_00134,scan_00134.h5,True,"S13131 P3,3A 7,3 MHz","S13131P3,3A7,3MHz",HP-U300/122C,HT 50K,[90/45],0.6,[90/45] Degree fiber orientation with 10 mm gap in second layer,gap,True,0.3,10.0,eddycus:cfge8ab1723,eddycus:def150fe2ce,4;7;8;12,0,101.0,451.0,45450.0,"Dienstag, 18. Juli 2023 * 09:01:34",0.0
scan_00135,scan_00135.h5,True,"S13131 P3,3A 7,3 MHz","S13131P3,3A7,3MHz",HP-U300/122C,HT 50K,[90/45],0.6,[90/45] Degree fiber orientation with 15 mm gap in second layer,gap,True,0.3,15.0,eddycus:cfg37727a98,eddycus:def0a6d342d,4;7;8;12,0,101.0,451.0,45463.0,"Donnerstag, 20. Juli 2023 * 10:15:32",0.0
scan_00136,scan_00136.h5,True,"S13131 P3,3A 7,3 MHz","S13131P3,3A7,3MHz",HP-U300/122C,HT 50K,[90/45],0.6,[90/45] Degree fiber orientation with 15 mm gap in second layer,gap,True,0.3,15.0,eddycus:cfg37727a98,eddycus:def0a6d342d,4;7;8;12,0,101.0,451.0,45471.0,"Donnerstag, 20. Juli 2023 * 09:35:42",0.0
scan_00137,scan_00137.h5,True,"S13131 P3,3A 7,3 MHz","S13131P3,3A7,3MHz",HP-U300/122C,HT 50K,[90/45],0.6,[90/45] Degree fiber orientation with 15 mm gap in second layer,gap,True,0.3,15.0,eddycus:cfg37727a98,eddycus:def0a6d342d,4;7;8;12,0,101.0,451.0,45450.0,"Donnerstag, 20. Juli 2023 * 09:03:16",0.0
scan_00138,scan_00138.h5,True,"S13131 P3,3A 7,3 MHz","S13131P3,3A7,3MHz",HP-U300/122C,HT 50K,[90/45],0.6,[90/45] Degree fiber orientation with 20 mm gap in second layer,gap,True,0.3,20.0,eddycus:cfg0e144177,eddycus:def277665a3,4;7;8;12,0,101.0,451.0,45450.0,"Donnerstag, 20. Juli 2023 * 14:16:17",0.0
scan_00139,scan_00139.h5,True,"S13131 P3,3A 7,3 MHz","S13131P3,3A7,3MHz",HP-U300/122C,HT 50K,[90/45],0.6,[90/45] Degree fiber orientation with 20 mm gap in second layer,gap,True,0.3,20.0,eddycus:cfg0e144177,eddycus:def277665a3,4;7;8;12,0,101.0,451.0,45505.0,"Donnerstag, 20. Juli 2023 * 12:49:29",0.0
scan_00140,scan_00140.h5,True,"S13131 P3,3A 7,3 MHz","S13131P3,3A7,3MHz",HP-U300/122C,HT 50K,[90/45],0.6,[90/45] Degree fiber orientation with 20 mm gap in second layer,gap,True,0.3,20.0,eddycus:cfg0e144177,eddycus:def277665a3,4;7;8;12,0,101.0,451.0,45452.0,"Donnerstag, 20. Juli 2023 * 13:30:21",0.0
scan_00141,scan_00141.h5,True,"S13131 P3,3A 7,3 MHz","S13131P3,3A7,3MHz",HP-U300/122C,HT 50K,[90/45],0.6,[90/45] Degree fiber orientation with 25 mm gap in second layer,gap,True,0.3,25.0,eddycus:cfg9d464917,eddycus:defbd57e629,4;7;8;12,0,101.0,451.0,45480.0,"Mittwoch, 26. Juli 2023 * 11:03:46",0.0
scan_00142,scan_00142.h5,True,"S13131 P3,3A 7,3 MHz","S13131P3,3A7,3MHz",HP-U300/122C,HT 50K,[90/45],0.6,[90/45] Degree fiber orientation with 25 mm gap in second layer,gap,True,0.3,25.0,eddycus:cfg9d464917,eddycus:defbd57e629,4;7;8;12,0,101.0,451.0,45457.0,"Mittwoch, 26. Juli 2023 * 10:14:16",0.0
scan_00143,scan_00143.h5,True,"S13131 P3,3A 7,3 MHz","S13131P3,3A7,3MHz",HP-U300/122C,HT 50K,[90/45],0.6,[90/45] Degree fiber orientation with 25 mm gap in second layer,gap,True,0.3,25.0,eddycus:cfg9d464917,eddycus:defbd57e629,4;7;8;12,0,101.0,451.0,45484.0,"Mittwoch, 26. Juli 2023 * 09:45:20",0.0
scan_00144,scan_00144.h5,True,"S13131 P3,3A 7,3 MHz","S13131P3,3A7,3MHz",HP-U300/122C,HT 50K,[90/45],0.6,[90/45] Degree fiber orientation with 30 mm gap in second layer,gap,True,0.3,30.0,eddycus:cfg1ed9a666,eddycus:def1b5f4353,4;7;8;12,0,101.0,451.0,45455.0,"Donnerstag, 27. Juli 2023 * 09:30:01",0.0
scan_00145,scan_00145.h5,True,"S13131 P3,3A 7,3 MHz","S13131P3,3A7,3MHz",HP-U300/122C,HT 50K,[90/45],0.6,[90/45] Degree fiber orientation with 30 mm gap in second layer,gap,True,0.3,30.0,eddycus:cfg1ed9a666,eddycus:def1b5f4353,4;7;8;12,0,101.0,451.0,45013.0,"Mittwoch, 26. Juli 2023 * 15:11:19",0.0
scan_00146,scan_00146.h5,True,"S13131 P3,3A 7,3 MHz","S13131P3,3A7,3MHz",HP-U300/122C,HT 50K,[90/45],0.6,[90/45] Degree fiber orientation with 30 mm gap in second layer,gap,True,0.3,30.0,eddycus:cfg1ed9a666,eddycus:def1b5f4353,4;7;8;12,0,101.0,451.0,45489.0,"Mittwoch, 26. Juli 2023 * 14:43:14",0.0
scan_00147,scan_00147.h5,True,"S13131 P3,3A 7,3 MHz","S13131P3,3A7,3MHz",HP-U300/122C,HT 50K,[90/45],0.6,[90/45] Degree fiber orientation with 0 mm gap in first layer,gap,True,0.0,0.0,eddycus:cfg99d4eeac,eddycus:def2201dace,4;7;8;12,0,101.0,451.0,45463.0,"Donnerstag, 27. Juli 2023 * 09:57:53",0.0
scan_00148,scan_00148.h5,True,"S13131 P3,3A 7,3 MHz","S13131P3,3A7,3MHz",HP-U300/122C,HT 50K,[90/45],0.6,[90/45] Degree fiber orientation with 0 mm gap in first layer,gap,True,0.0,0.0,eddycus:cfg99d4eeac,eddycus:def2201dace,4;7;8;12,0,101.0,451.0,45459.0,"Donnerstag, 27. Juli 2023 * 10:25:15",0.0
scan_00149,scan_00149.h5,True,"S13131 P3,3A 7,3 MHz","S13131P3,3A7,3MHz",HP-U300/122C,HT 50K,[90/45],0.6,[90/45] Degree fiber orientation with 0 mm gap in first layer,gap,True,0.0,0.0,eddycus:cfg99d4eeac,eddycus:def2201dace,4;7;8;12,0,101.0,451.0,45472.0,"Donnerstag, 27. Juli 2023 * 10:51:10",0.0
scan_00150,scan_00150.h5,True,"S13131 P3,3A 7,3 MHz","S13131P3,3A7,3MHz",HP-U300/122C,HT 50K,[90/90],0.6,[90/90] Degree fiber orientation with 0 mm gap in first layer,gap,True,0.0,0.0,eddycus:cfgcccf8017,eddycus:def05c67e7e,4;7;8;12,0,101.0,451.0,45525.0,"Donnerstag, 11. Mai 2023 * 11:30:19",0.0
scan_00151,scan_00151.h5,True,"S13131 P3,3A 7,3 MHz","S13131P3,3A7,3MHz",HP-U300/122C,HT 50K,[90/90],0.6,[90/90] Degree fiber orientation with 0 mm gap in first layer,gap,True,0.0,0.0,eddycus:cfgcccf8017,eddycus:def05c67e7e,4;7;8;12,0,101.0,451.0,45528.0,"Donnerstag, 11. Mai 2023 * 11:55:29",0.0
scan_00152,scan_00152.h5,True,"S13131 P3,3A 7,3 MHz","S13131P3,3A7,3MHz",HP-U300/122C,HT 50K,[90/90],0.6,[90/90] Degree fiber orientation with 0 mm gap in first layer,gap,True,0.0,0.0,eddycus:cfgcccf8017,eddycus:def05c67e7e,4;7;8;12,0,101.0,451.0,45516.0,"Donnerstag, 11. Mai 2023 * 12:21:51",0.0
scan_00153,scan_00153.h5,True,"S13131 P3,3A 7,3 MHz","S13131P3,3A7,3MHz",HP-U300/122C,HT 50K,[90],0.3,[90] Degree fiber orientation with 0 mm gap in first layer,gap,True,0.0,0.0,eddycus:cfg819e555a,eddycus:def04fcf642,4;7;8;12,0,101.0,451.0,45476.0,2023-08-08T14:14:29,0.0
scan_00154,scan_00154.h5,True,"S13131 P3,3A 7,3 MHz","S13131P3,3A7,3MHz",HP-U300/122C,HT 50K,[90],0.3,[90] Degree fiber orientation with 0 mm gap in first layer,gap,True,0.0,0.0,eddycus:cfg819e555a,eddycus:def04fcf642,4;7;8;12,0,101.0,451.0,45478.0,2023-08-08T14:27:17,0.0
scan_00155,scan_00155.h5,True,"S13131 P3,3A 7,3 MHz","S13131P3,3A7,3MHz",HP-U300/122C,HT 50K,[90],0.3,[90] Degree fiber orientation with 0 mm gap in first layer,gap,True,0.0,0.0,eddycus:cfg819e555a,eddycus:def04fcf642,4;7;8;12,0,101.0,451.0,45454.0,2023-08-08T14:40:26,0.0
scan_00156,scan_00156.h5,True,"S13131 P3,3A 7,3 MHz","S13131P3,3A7,3MHz",HP-U300/122C,HT 50K,[90],0.3,[90] Degree fiber orientation with 10 mm gap in first layer,gap,True,0.0,10.0,eddycus:cfg8454139f,eddycus:defa7e48ef9,4;7;8;12,0,101.0,451.0,45460.0,2023-08-09T11:01:10,0.0
scan_00157,scan_00157.h5,True,"S13131 P3,3A 7,3 MHz","S13131P3,3A7,3MHz",HP-U300/122C,HT 50K,[90],0.3,[90] Degree fiber orientation with 10 mm gap in first layer,gap,True,0.0,10.0,eddycus:cfg8454139f,eddycus:defa7e48ef9,4;7;8;12,0,101.0,451.0,45459.0,2023-08-09T11:14:51,0.0
scan_00158,scan_00158.h5,True,"S13131 P3,3A 7,3 MHz","S13131P3,3A7,3MHz",HP-U300/122C,HT 50K,[90],0.3,[90] Degree fiber orientation with 10 mm gap in first layer,gap,True,0.0,10.0,eddycus:cfg8454139f,eddycus:defa7e48ef9,4;7;8;12,0,101.0,451.0,45469.0,2023-08-09T11:27:54,0.0
scan_00159,scan_00159.h5,True,"S13131 P3,3A 7,3 MHz","S13131P3,3A7,3MHz",HP-U300/122C,HT 50K,[90],0.3,[90] Degree fiber orientation with 15 mm gap in first layer,gap,True,0.0,15.0,eddycus:cfg1ab1b31b,eddycus:defd4ff3d0b,4;7;8;12,0,101.0,451.0,45484.0,2023-08-09T10:18:31,0.0
scan_00160,scan_00160.h5,True,"S13131 P3,3A 7,3 MHz","S13131P3,3A7,3MHz",HP-U300/122C,HT 50K,[90],0.3,[90] Degree fiber orientation with 15 mm gap in first layer,gap,True,0.0,15.0,eddycus:cfg1ab1b31b,eddycus:defd4ff3d0b,4;7;8;12,0,101.0,451.0,45452.0,2023-08-09T10:32:58,0.0
scan_00161,scan_00161.h5,True,"S13131 P3,3A 7,3 MHz","S13131P3,3A7,3MHz",HP-U300/122C,HT 50K,[90],0.3,[90] Degree fiber orientation with 15 mm gap in first layer,gap,True,0.0,15.0,eddycus:cfg1ab1b31b,eddycus:defd4ff3d0b,4;7;8;12,0,101.0,451.0,45453.0,2023-08-09T10:46:22,0.0
scan_00162,scan_00162.h5,True,"S13131 P3,3A 7,3 MHz","S13131P3,3A7,3MHz",HP-U300/122C,HT 50K,[90],0.3,[90] Degree fiber orientation with 20 mm gap in first layer,gap,True,0.0,20.0,eddycus:cfg3e03f0c0,eddycus:def628b4d11,4;7;8;12,0,101.0,451.0,45459.0,2023-08-09T09:36:31,0.0
scan_00163,scan_00163.h5,True,"S13131 P3,3A 7,3 MHz","S13131P3,3A7,3MHz",HP-U300/122C,HT 50K,[90],0.3,[90] Degree fiber orientation with 20 mm gap in first layer,gap,True,0.0,20.0,eddycus:cfg3e03f0c0,eddycus:def628b4d11,4;7;8;12,0,101.0,451.0,45451.0,2023-08-09T09:49:39,0.0
scan_00164,scan_00164.h5,True,"S13131 P3,3A 7,3 MHz","S13131P3,3A7,3MHz",HP-U300/122C,HT 50K,[90],0.3,[90] Degree fiber orientation with 20 mm gap in first layer,gap,True,0.0,20.0,eddycus:cfg3e03f0c0,eddycus:def628b4d11,4;7;8;12,0,101.0,451.0,45483.0,2023-08-09T10:03:14,0.0
scan_00165,scan_00165.h5,True,"S13131 P3,3A 7,3 MHz","S13131P3,3A7,3MHz",HP-U300/122C,HT 50K,[90],0.3,[90] Degree fiber orientation with 25 mm gap in first layer,gap,True,0.0,25.0,eddycus:cfg0db095fb,eddycus:def7a3ebdb3,4;7;8;12,0,101.0,451.0,45482.0,2023-08-09T08:56:05,0.0
scan_00166,scan_00166.h5,True,"S13131 P3,3A 7,3 MHz","S13131P3,3A7,3MHz",HP-U300/122C,HT 50K,[90],0.3,[90] Degree fiber orientation with 25 mm gap in first layer,gap,True,0.0,25.0,eddycus:cfg0db095fb,eddycus:def7a3ebdb3,4;7;8;12,0,101.0,451.0,45465.0,2023-08-09T09:10:12,0.0
scan_00167,scan_00167.h5,True,"S13131 P3,3A 7,3 MHz","S13131P3,3A7,3MHz",HP-U300/122C,HT 50K,[90],0.3,[90] Degree fiber orientation with 25 mm gap in first layer,gap,True,0.0,25.0,eddycus:cfg0db095fb,eddycus:def7a3ebdb3,4;7;8;12,0,101.0,451.0,45475.0,2023-08-09T09:23:20,0.0
scan_00168,scan_00168.h5,True,"S13131 P3,3A 7,3 MHz","S13131P3,3A7,3MHz",HP-U300/122C,HT 50K,[90],0.3,[90] Degree fiber orientation with 30 mm gap in first layer,gap,True,0.0,30.0,eddycus:cfgcd2d6ab2,eddycus:deffe29af95,4;7;8;12,0,101.0,451.0,45452.0,2023-08-08T14:54:13,0.0
scan_00169,scan_00169.h5,True,"S13131 P3,3A 7,3 MHz","S13131P3,3A7,3MHz",HP-U300/122C,HT 50K,[90],0.3,[90] Degree fiber orientation with 30 mm gap in first layer,gap,True,0.0,30.0,eddycus:cfgcd2d6ab2,eddycus:deffe29af95,4;7;8;12,0,101.0,451.0,45486.0,2023-08-08T15:07:42,0.0
scan_00170,scan_00170.h5,True,"S13131 P3,3A 7,3 MHz","S13131P3,3A7,3MHz",HP-U300/122C,HT 50K,[90],0.3,[90] Degree fiber orientation with 30 mm gap in first layer,gap,True,0.0,30.0,eddycus:cfgcd2d6ab2,eddycus:deffe29af95,4;7;8;12,0,101.0,451.0,45481.0,2023-08-08T15:20:49,0.0
scan_00171,scan_00171.h5,True,"S13131 P3,3A 7,3 MHz","S13131P3,3A7,3MHz",HP-U300/122C,HT 50K,[0/90],0.6,[0/90] Degree fiber orientation with 10 mm gap in second layer,gap,True,0.3,10.0,eddycus:cfg078834ad,eddycus:def8e7d523c,4;7;8;12,0,101.0,451.0,45481.0,2023-08-04T13:23:53,0.0
scan_00172,scan_00172.h5,True,"S13131 P3,3A 7,3 MHz","S13131P3,3A7,3MHz",HP-U300/122C,HT 50K,[0/90],0.6,[0/90] Degree fiber orientation with 10 mm gap in second layer,gap,True,0.3,10.0,eddycus:cfg078834ad,eddycus:def8e7d523c,4;7;8;12,0,101.0,451.0,45462.0,2023-08-04T12:55:47,0.0
scan_00173,scan_00173.h5,True,"S13131 P3,3A 7,3 MHz","S13131P3,3A7,3MHz",HP-U300/122C,HT 50K,[0/90],0.6,[0/90] Degree fiber orientation with 10 mm gap in second layer,gap,True,0.3,10.0,eddycus:cfg078834ad,eddycus:def8e7d523c,4;7;8;12,0,101.0,451.0,45491.0,2023-08-04T12:07:12,0.0
scan_00174,scan_00174.h5,True,"S13131 P3,3A 7,3 MHz","S13131P3,3A7,3MHz",HP-U300/122C,HT 50K,[0/90],0.6,[0/90] Degree fiber orientation with 15 mm gap in second layer,gap,True,0.3,15.0,eddycus:cfg33c634aa,eddycus:def742db647,4;7;8;12,0,101.0,451.0,45477.0,2023-08-04T11:39:42,0.0
scan_00175,scan_00175.h5,True,"S13131 P3,3A 7,3 MHz","S13131P3,3A7,3MHz",HP-U300/122C,HT 50K,[0/90],0.6,[0/90] Degree fiber orientation with 15 mm gap in second layer,gap,True,0.3,15.0,eddycus:cfg33c634aa,eddycus:def742db647,4;7;8;12,0,101.0,451.0,45487.0,2023-08-04T11:12:59,0.0
scan_00176,scan_00176.h5,True,"S13131 P3,3A 7,3 MHz","S13131P3,3A7,3MHz",HP-U300/122C,HT 50K,[0/90],0.6,[0/90] Degree fiber orientation with 15 mm gap in second layer,gap,True,0.3,15.0,eddycus:cfg33c634aa,eddycus:def742db647,4;7;8;12,0,101.0,451.0,45471.0,2023-08-04T10:42:41,0.0
scan_00177,scan_00177.h5,True,"S13131 P3,3A 7,3 MHz","S13131P3,3A7,3MHz",HP-U300/122C,HT 50K,[0/90],0.6,[0/90] Degree fiber orientation with 20 mm gap in second layer,gap,True,0.3,20.0,eddycus:cfg3faa66bf,eddycus:def6331eb35,4;7;8;12,0,101.0,451.0,45452.0,2023-08-04T10:15:26,0.0
scan_00178,scan_00178.h5,True,"S13131 P3,3A 7,3 MHz","S13131P3,3A7,3MHz",HP-U300/122C,HT 50K,[0/90],0.6,[0/90] Degree fiber orientation with 20 mm gap in second layer,gap,True,0.3,20.0,eddycus:cfg3faa66bf,eddycus:def6331eb35,4;7;8;12,0,101.0,451.0,45460.0,2023-08-04T09:43:05,0.0
scan_00179,scan_00179.h5,True,"S13131 P3,3A 7,3 MHz","S13131P3,3A7,3MHz",HP-U300/122C,HT 50K,[0/90],0.6,[0/90] Degree fiber orientation with 20 mm gap in second layer,gap,True,0.3,20.0,eddycus:cfg3faa66bf,eddycus:def6331eb35,4;7;8;12,0,101.0,450.0,45450.0,2023-08-04T09:16:03,0.0
scan_00180,scan_00180.h5,True,"S13131 P3,3A 7,3 MHz","S13131P3,3A7,3MHz",HP-U300/122C,HT 50K,[0/90],0.6,[0/90] Degree fiber orientation with 25 mm gap in second layer,gap,True,0.3,25.0,eddycus:cfg1388d3a9,eddycus:def08d97f1f,4;7;8;12,0,101.0,451.0,45463.0,2023-08-04T08:47:05,0.0
scan_00181,scan_00181.h5,True,"S13131 P3,3A 7,3 MHz","S13131P3,3A7,3MHz",HP-U300/122C,HT 50K,[0/90],0.6,[0/90] Degree fiber orientation with 25 mm gap in second layer,gap,True,0.3,25.0,eddycus:cfg1388d3a9,eddycus:def08d97f1f,4;7;8;12,0,101.0,451.0,45463.0,2023-08-04T08:18:45,0.0
scan_00182,scan_00182.h5,True,"S13131 P3,3A 7,3 MHz","S13131P3,3A7,3MHz",HP-U300/122C,HT 50K,[0/90],0.6,[0/90] Degree fiber orientation with 25 mm gap in second layer,gap,True,0.3,25.0,eddycus:cfg1388d3a9,eddycus:def08d97f1f,4;7;8;12,0,101.0,451.0,45499.0,2023-08-04T07:52:20,0.0
scan_00183,scan_00183.h5,True,"S13131 P3,3A 7,3 MHz","S13131P3,3A7,3MHz",HP-U300/122C,HT 50K,[0/90],0.6,[0/90] Degree fiber orientation with 30 mm gap in second layer,gap,True,0.3,30.0,eddycus:cfg3d453410,eddycus:def767f5307,4;7;8;12,0,101.0,451.0,45465.0,2023-08-03T14:51:57,0.0
scan_00184,scan_00184.h5,True,"S13131 P3,3A 7,3 MHz","S13131P3,3A7,3MHz",HP-U300/122C,HT 50K,[0/90],0.6,[0/90] Degree fiber orientation with 30 mm gap in second layer,gap,True,0.3,30.0,eddycus:cfg3d453410,eddycus:def767f5307,4;7;8;12,0,101.0,451.0,45454.0,2023-08-03T14:25:00,0.0
scan_00185,scan_00185.h5,True,"S13131 P3,3A 7,3 MHz","S13131P3,3A7,3MHz",HP-U300/122C,HT 50K,[0/90],0.6,[0/90] Degree fiber orientation with 30 mm gap in second layer,gap,True,0.3,30.0,eddycus:cfg3d453410,eddycus:def767f5307,4;7;8;12,0,101.0,451.0,45467.0,2023-08-03T13:57:42,0.0
scan_00186,scan_00186.h5,True,"S13131 P3,3A 7,3 MHz","S13131P3,3A7,3MHz",HP-U300/122C,HT 50K,[0/90],0.6,[0/90] Degree fiber orientation with 0 mm gap in first layer,gap,True,0.0,0.0,eddycus:cfgdc555cc9,eddycus:def25e6cbd9,4;7;8;12,0,101.0,451.0,45479.0,2023-08-04T15:21:35,0.0
scan_00187,scan_00187.h5,True,"S13131 P3,3A 7,3 MHz","S13131P3,3A7,3MHz",HP-U300/122C,HT 50K,[0/90],0.6,[0/90] Degree fiber orientation with 0 mm gap in first layer,gap,True,0.0,0.0,eddycus:cfgdc555cc9,eddycus:def25e6cbd9,4;7;8;12,0,101.0,451.0,45474.0,2023-08-04T14:56:51,0.0
scan_00188,scan_00188.h5,True,"S13131 P3,3A 7,3 MHz","S13131P3,3A7,3MHz",HP-U300/122C,HT 50K,[0/90],0.6,[0/90] Degree fiber orientation with 0 mm gap in first layer,gap,True,0.0,0.0,eddycus:cfgdc555cc9,eddycus:def25e6cbd9,4;7;8;12,0,101.0,451.0,45481.0,2023-08-04T14:30:36,0.0
scan_00189,scan_00189.h5,True,"S13131 P3,3A 7,3 MHz","S13131P3,3A7,3MHz",HP-U300/122C,HT 50K,[45/90],0.6,[45/90] Degree fiber orientation with 10 mm gap in first layer,gap,True,0.0,10.0,eddycus:cfg414f073a,eddycus:defa1a267c9,4;7;8;12,0,101.0,451.0,45453.0,2023-08-03T12:48:10,0.0
scan_00190,scan_00190.h5,True,"S13131 P3,3A 7,3 MHz","S13131P3,3A7,3MHz",HP-U300/122C,HT 50K,[45/90],0.6,[45/90] Degree fiber orientation with 10 mm gap in first layer,gap,True,0.0,10.0,eddycus:cfg414f073a,eddycus:defa1a267c9,4;7;8;12,0,101.0,451.0,45463.0,2023-08-03T13:01:48,0.0
scan_00191,scan_00191.h5,True,"S13131 P3,3A 7,3 MHz","S13131P3,3A7,3MHz",HP-U300/122C,HT 50K,[45/90],0.6,[45/90] Degree fiber orientation with 10 mm gap in first layer,gap,True,0.0,10.0,eddycus:cfg414f073a,eddycus:defa1a267c9,4;7;8;12,0,101.0,451.0,45459.0,2023-08-03T13:29:00,0.0
scan_00192,scan_00192.h5,True,"S13131 P3,3A 7,3 MHz","S13131P3,3A7,3MHz",HP-U300/122C,HT 50K,[45/90],0.6,[45/90] Degree fiber orientation with 15 mm gap in first layer,gap,True,0.0,15.0,eddycus:cfgc4f04542,eddycus:defea81d923,4;7;8;12,0,101.0,451.0,45461.0,2023-08-02T13:00:18,0.0
scan_00193,scan_00193.h5,True,"S13131 P3,3A 7,3 MHz","S13131P3,3A7,3MHz",HP-U300/122C,HT 50K,[45/90],0.6,[45/90] Degree fiber orientation with 15 mm gap in first layer,gap,True,0.0,15.0,eddycus:cfgc4f04542,eddycus:defea81d923,4;7;8;12,0,101.0,451.0,45456.0,2023-08-02T13:27:11,0.0
scan_00194,scan_00194.h5,True,"S13131 P3,3A 7,3 MHz","S13131P3,3A7,3MHz",HP-U300/122C,HT 50K,[45/90],0.6,[45/90] Degree fiber orientation with 15 mm gap in first layer,gap,True,0.0,15.0,eddycus:cfgc4f04542,eddycus:defea81d923,4;7;8;12,0,101.0,451.0,45462.0,2023-08-02T13:41:41,0.0
scan_00195,scan_00195.h5,True,"S13131 P3,3A 7,3 MHz","S13131P3,3A7,3MHz",HP-U300/122C,HT 50K,[45/90],0.6,[45/90] Degree fiber orientation with 20 mm gap in first layer,gap,True,0.0,20.0,eddycus:cfgd5048805,eddycus:defed560952,4;7;8;12,0,101.0,451.0,45451.0,2023-08-02T10:03:24,0.0
scan_00196,scan_00196.h5,True,"S13131 P3,3A 7,3 MHz","S13131P3,3A7,3MHz",HP-U300/122C,HT 50K,[45/90],0.6,[45/90] Degree fiber orientation with 20 mm gap in first layer,gap,True,0.0,20.0,eddycus:cfgd5048805,eddycus:defed560952,4;7;8;12,0,101.0,451.0,45459.0,2023-08-02T10:30:24,0.0
scan_00197,scan_00197.h5,True,"S13131 P3,3A 7,3 MHz","S13131P3,3A7,3MHz",HP-U300/122C,HT 50K,[45/90],0.6,[45/90] Degree fiber orientation with 20 mm gap in first layer,gap,True,0.0,20.0,eddycus:cfgd5048805,eddycus:defed560952,4;7;8;12,0,101.0,451.0,45477.0,2023-08-02T11:10:00,0.0
scan_00198,scan_00198.h5,True,"S13131 P3,3A 7,3 MHz","S13131P3,3A7,3MHz",HP-U300/122C,HT 50K,[45/90],0.6,[45/90] Degree fiber orientation with 25 mm gap in first layer,gap,True,0.0,25.0,eddycus:cfgca2e8647,eddycus:def9e458ba2,4;7;8;12,0,101.0,451.0,45478.0,"Freitag, 28. Juli 2023 * 11:45:43",0.0
scan_00199,scan_00199.h5,True,"S13131 P3,3A 7,3 MHz","S13131P3,3A7,3MHz",HP-U300/122C,HT 50K,[45/90],0.6,[45/90] Degree fiber orientation with 25 mm gap in first layer,gap,True,0.0,25.0,eddycus:cfgca2e8647,eddycus:def9e458ba2,4;7;8;12,0,101.0,451.0,44576.0,"Freitag, 28. Juli 2023 * 11:59:27",0.0
scan_00200,scan_00200.h5,True,"S13131 P3,3A 7,3 MHz","S13131P3,3A7,3MHz",HP-U300/122C,HT 50K,[45/90],0.6,[45/90] Degree fiber orientation with 25 mm gap in first layer,gap,True,0.0,25.0,eddycus:cfgca2e8647,eddycus:def9e458ba2,4;7;8;12,0,101.0,451.0,45469.0,"Freitag, 28. Juli 2023 * 12:26:52",0.0
scan_00201,scan_00201.h5,True,"S13131 P3,3A 7,3 MHz","S13131P3,3A7,3MHz",HP-U300/122C,HT 50K,[45/90],0.6,[45/90] Degree fiber orientation with 30 mm gap in first layer,gap,True,0.0,30.0,eddycus:cfg9caadd29,eddycus:def8149febc,4;7;8;12,0,101.0,451.0,45491.0,"Donnerstag, 27. Juli 2023 * 13:43:53",0.0
scan_00202,scan_00202.h5,True,"S13131 P3,3A 7,3 MHz","S13131P3,3A7,3MHz",HP-U300/122C,HT 50K,[45/90],0.6,[45/90] Degree fiber orientation with 30 mm gap in first layer,gap,True,0.0,30.0,eddycus:cfg9caadd29,eddycus:def8149febc,4;7;8;12,0,101.0,451.0,45471.0,"Donnerstag, 27. Juli 2023 * 14:10:49",0.0
scan_00203,scan_00203.h5,True,"S13131 P3,3A 7,3 MHz","S13131P3,3A7,3MHz",HP-U300/122C,HT 50K,[45/90],0.6,[45/90] Degree fiber orientation with 30 mm gap in first layer,gap,True,0.0,30.0,eddycus:cfg9caadd29,eddycus:def8149febc,4;7;8;12,0,101.0,451.0,45464.0,"Donnerstag, 27. Juli 2023 * 14:37:55",0.0
scan_00204,scan_00204.h5,True,"S13131 P3,3A 7,3 MHz","S13131P3,3A7,3MHz",HP-U300/122C,HT 50K,[45/90],0.6,[45/90] Degree fiber orientation with 10 mm gap in second layer,gap,True,0.3,10.0,eddycus:cfg05f0be6c,eddycus:def9d317128,4;7;8;12,0,101.0,451.0,45464.0,2023-08-02T14:22:21,0.0
scan_00205,scan_00205.h5,True,"S13131 P3,3A 7,3 MHz","S13131P3,3A7,3MHz",HP-U300/122C,HT 50K,[45/90],0.6,[45/90] Degree fiber orientation with 10 mm gap in second layer,gap,True,0.3,10.0,eddycus:cfg05f0be6c,eddycus:def9d317128,4;7;8;12,0,101.0,451.0,45461.0,2023-08-02T14:36:40,0.0
scan_00206,scan_00206.h5,True,"S13131 P3,3A 7,3 MHz","S13131P3,3A7,3MHz",HP-U300/122C,HT 50K,[45/90],0.6,[45/90] Degree fiber orientation with 10 mm gap in second layer,gap,True,0.3,10.0,eddycus:cfg05f0be6c,eddycus:def9d317128,4;7;8;12,0,101.0,451.0,45495.0,2023-08-02T15:04:15,0.0
scan_00207,scan_00207.h5,True,"S13131 P3,3A 7,3 MHz","S13131P3,3A7,3MHz",HP-U300/122C,HT 50K,[45/90],0.6,[45/90] Degree fiber orientation with 15 mm gap in second layer,gap,True,0.3,15.0,eddycus:cfg54dfe800,eddycus:defb1bb3889,4;7;8;12,0,101.0,451.0,45489.0,2023-08-02T11:24:12,0.0
scan_00208,scan_00208.h5,True,"S13131 P3,3A 7,3 MHz","S13131P3,3A7,3MHz",HP-U300/122C,HT 50K,[45/90],0.6,[45/90] Degree fiber orientation with 15 mm gap in second layer,gap,True,0.3,15.0,eddycus:cfg54dfe800,eddycus:defb1bb3889,4;7;8;12,0,101.0,451.0,45468.0,2023-08-02T11:50:51,0.0
scan_00209,scan_00209.h5,True,"S13131 P3,3A 7,3 MHz","S13131P3,3A7,3MHz",HP-U300/122C,HT 50K,[45/90],0.6,[45/90] Degree fiber orientation with 15 mm gap in second layer,gap,True,0.3,15.0,eddycus:cfg54dfe800,eddycus:defb1bb3889,4;7;8;12,0,101.0,451.0,45461.0,2023-08-02T12:18:33,0.0
scan_00210,scan_00210.h5,True,"S13131 P3,3A 7,3 MHz","S13131P3,3A7,3MHz",HP-U300/122C,HT 50K,[45/90],0.6,[45/90] Degree fiber orientation with 20 mm gap in second layer,gap,True,0.3,20.0,eddycus:cfgdce0a6d6,eddycus:def886c6770,4;7;8;12,0,101.0,451.0,45016.0,"Freitag, 28. Juli 2023 * 13:16:00",0.0
scan_00211,scan_00211.h5,True,"S13131 P3,3A 7,3 MHz","S13131P3,3A7,3MHz",HP-U300/122C,HT 50K,[45/90],0.6,[45/90] Degree fiber orientation with 20 mm gap in second layer,gap,True,0.3,20.0,eddycus:cfgdce0a6d6,eddycus:def886c6770,4;7;8;12,0,101.0,451.0,45481.0,"Freitag, 28. Juli 2023 * 13:56:48",0.0
scan_00212,scan_00212.h5,True,"S13131 P3,3A 7,3 MHz","S13131P3,3A7,3MHz",HP-U300/122C,HT 50K,[45/90],0.6,[45/90] Degree fiber orientation with 20 mm gap in second layer,gap,True,0.3,20.0,eddycus:cfgdce0a6d6,eddycus:def886c6770,4;7;8;12,0,101.0,451.0,44552.0,2023-08-02T09:36:38,0.0
scan_00213,scan_00213.h5,True,"S13131 P3,3A 7,3 MHz","S13131P3,3A7,3MHz",HP-U300/122C,HT 50K,[45/90],0.6,[45/90] Degree fiber orientation with 25 mm gap in second layer,gap,True,0.3,25.0,eddycus:cfgb6ab6f10,eddycus:def4d3fad6c,4;7;8;12,0,101.0,451.0,45456.0,"Freitag, 28. Juli 2023 * 10:21:02",0.0
scan_00214,scan_00214.h5,True,"S13131 P3,3A 7,3 MHz","S13131P3,3A7,3MHz",HP-U300/122C,HT 50K,[45/90],0.6,[45/90] Degree fiber orientation with 25 mm gap in second layer,gap,True,0.3,25.0,eddycus:cfgb6ab6f10,eddycus:def4d3fad6c,4;7;8;12,0,101.0,451.0,45469.0,"Freitag, 28. Juli 2023 * 10:34:32",0.0
scan_00215,scan_00215.h5,True,"S13131 P3,3A 7,3 MHz","S13131P3,3A7,3MHz",HP-U300/122C,HT 50K,[45/90],0.6,[45/90] Degree fiber orientation with 25 mm gap in second layer,gap,True,0.3,25.0,eddycus:cfgb6ab6f10,eddycus:def4d3fad6c,4;7;8;12,0,101.0,451.0,45469.0,"Freitag, 28. Juli 2023 * 11:03:26",0.0
scan_00216,scan_00216.h5,True,"S13131 P3,3A 7,3 MHz","S13131P3,3A7,3MHz",HP-U300/122C,HT 50K,[45/90],0.6,[45/90] Degree fiber orientation with 30 mm gap in second layer,gap,True,0.3,30.0,eddycus:cfg0f37abb7,eddycus:def73a7dacb,4;7;8;12,0,101.0,451.0,45017.0,"Donnerstag, 27. Juli 2023 * 15:06:35",0.0
scan_00217,scan_00217.h5,True,"S13131 P3,3A 7,3 MHz","S13131P3,3A7,3MHz",HP-U300/122C,HT 50K,[45/90],0.6,[45/90] Degree fiber orientation with 30 mm gap in second layer,gap,True,0.3,30.0,eddycus:cfg0f37abb7,eddycus:def73a7dacb,4;7;8;12,0,101.0,451.0,45473.0,"Freitag, 28. Juli 2023 * 09:27:53",0.0
scan_00218,scan_00218.h5,True,"S13131 P3,3A 7,3 MHz","S13131P3,3A7,3MHz",HP-U300/122C,HT 50K,[45/90],0.6,[45/90] Degree fiber orientation with 30 mm gap in second layer,gap,True,0.3,30.0,eddycus:cfg0f37abb7,eddycus:def73a7dacb,4;7;8;12,0,101.0,451.0,45493.0,"Freitag, 28. Juli 2023 * 09:54:28",0.0
scan_00219,scan_00219.h5,True,"S13131 P3,3A 7,3 MHz","S13131P3,3A7,3MHz",HP-U300/122C,HT 50K,[45/90],0.6,[45/90] Degree fiber orientation with 0 mm gap in first layer,gap,True,0.0,0.0,eddycus:cfg18100ce1,eddycus:defefc10f68,4;7;8;12,0,101.0,451.0,45502.0,"Donnerstag, 27. Juli 2023 * 13:17:29",0.0
scan_00220,scan_00220.h5,True,"S13131 P3,3A 7,3 MHz","S13131P3,3A7,3MHz",HP-U300/122C,HT 50K,[45/90],0.6,[45/90] Degree fiber orientation with 0 mm gap in first layer,gap,True,0.0,0.0,eddycus:cfg18100ce1,eddycus:defefc10f68,4;7;8;12,0,101.0,451.0,45465.0,"Donnerstag, 27. Juli 2023 * 12:50:26",0.0
scan_00221,scan_00221.h5,True,"S13131 P3,3A 7,3 MHz","S13131P3,3A7,3MHz",HP-U300/122C,HT 50K,[45/90],0.6,[45/90] Degree fiber orientation with 0 mm gap in first layer,gap,True,0.0,0.0,eddycus:cfg18100ce1,eddycus:defefc10f68,4;7;8;12,0,101.0,451.0,45497.0,"Donnerstag, 27. Juli 2023 * 11:30:48",0.0
scan_00222,scan_00222.h5,True,"S13131 P3,3A 7,3 MHz","S13131P3,3A7,3MHz",HP-U300/122C,HT 50K,[90/0],0.6,[90/0] Degree fiber orientation with 10 mm gap in first layer,gap,True,0.0,10.0,eddycus:cfg0ac9691e,eddycus:defac66f738,4;7;8;12,0,101.0,451.0,45496.0,2023-08-04T13:36:55,0.0
scan_00223,scan_00223.h5,True,"S13131 P3,3A 7,3 MHz","S13131P3,3A7,3MHz",HP-U300/122C,HT 50K,[90/0],0.6,[90/0] Degree fiber orientation with 10 mm gap in first layer,gap,True,0.0,10.0,eddycus:cfg0ac9691e,eddycus:defac66f738,4;7;8;12,0,101.0,451.0,45471.0,2023-08-04T13:09:33,0.0
scan_00224,scan_00224.h5,True,"S13131 P3,3A 7,3 MHz","S13131P3,3A7,3MHz",HP-U300/122C,HT 50K,[90/0],0.6,[90/0] Degree fiber orientation with 10 mm gap in first layer,gap,True,0.0,10.0,eddycus:cfg0ac9691e,eddycus:defac66f738,4;7;8;12,0,101.0,451.0,45470.0,2023-08-04T12:21:11,0.0
scan_00225,scan_00225.h5,True,"S13131 P3,3A 7,3 MHz","S13131P3,3A7,3MHz",HP-U300/122C,HT 50K,[90/0],0.6,[90/0] Degree fiber orientation with 15 mm gap in first layer,gap,True,0.0,15.0,eddycus:cfg9579df00,eddycus:def758a5500,4;7;8;12,0,101.0,451.0,45479.0,2023-08-04T11:52:36,0.0
scan_00226,scan_00226.h5,True,"S13131 P3,3A 7,3 MHz","S13131P3,3A7,3MHz",HP-U300/122C,HT 50K,[90/0],0.6,[90/0] Degree fiber orientation with 15 mm gap in first layer,gap,True,0.0,15.0,eddycus:cfg9579df00,eddycus:def758a5500,4;7;8;12,0,101.0,451.0,45460.0,2023-08-04T11:26:01,0.0
scan_00227,scan_00227.h5,True,"S13131 P3,3A 7,3 MHz","S13131P3,3A7,3MHz",HP-U300/122C,HT 50K,[90/0],0.6,[90/0] Degree fiber orientation with 15 mm gap in first layer,gap,True,0.0,15.0,eddycus:cfg9579df00,eddycus:def758a5500,4;7;8;12,0,101.0,451.0,45465.0,2023-08-04T10:57:05,0.0
scan_00228,scan_00228.h5,True,"S13131 P3,3A 7,3 MHz","S13131P3,3A7,3MHz",HP-U300/122C,HT 50K,[90/0],0.6,[90/0] Degree fiber orientation with 20 mm gap in first layer,gap,True,0.0,20.0,eddycus:cfg8790dddb,eddycus:def93895dc3,4;7;8;12,0,101.0,451.0,45494.0,2023-08-04T10:28:55,0.0
scan_00229,scan_00229.h5,True,"S13131 P3,3A 7,3 MHz","S13131P3,3A7,3MHz",HP-U300/122C,HT 50K,[90/0],0.6,[90/0] Degree fiber orientation with 20 mm gap in first layer,gap,True,0.0,20.0,eddycus:cfg8790dddb,eddycus:def93895dc3,4;7;8;12,0,101.0,451.0,45452.0,2023-08-04T09:56:34,0.0
scan_00230,scan_00230.h5,True,"S13131 P3,3A 7,3 MHz","S13131P3,3A7,3MHz",HP-U300/122C,HT 50K,[90/0],0.6,[90/0] Degree fiber orientation with 20 mm gap in first layer,gap,True,0.0,20.0,eddycus:cfg8790dddb,eddycus:def93895dc3,4;7;8;12,0,101.0,451.0,45480.0,2023-08-04T09:29:09,0.0
scan_00231,scan_00231.h5,True,"S13131 P3,3A 7,3 MHz","S13131P3,3A7,3MHz",HP-U300/122C,HT 50K,[90/0],0.6,[90/0] Degree fiber orientation with 25 mm gap in first layer,gap,True,0.0,25.0,eddycus:cfg6c9f5186,eddycus:def2c545343,4;7;8;12,0,101.0,451.0,45451.0,2023-08-04T09:01:46,0.0
scan_00232,scan_00232.h5,True,"S13131 P3,3A 7,3 MHz","S13131P3,3A7,3MHz",HP-U300/122C,HT 50K,[90/0],0.6,[90/0] Degree fiber orientation with 25 mm gap in first layer,gap,True,0.0,25.0,eddycus:cfg6c9f5186,eddycus:def2c545343,4;7;8;12,0,101.0,451.0,45452.0,2023-08-04T08:33:01,0.0
scan_00233,scan_00233.h5,True,"S13131 P3,3A 7,3 MHz","S13131P3,3A7,3MHz",HP-U300/122C,HT 50K,[90/0],0.6,[90/0] Degree fiber orientation with 25 mm gap in first layer,gap,True,0.0,25.0,eddycus:cfg6c9f5186,eddycus:def2c545343,4;7;8;12,0,101.0,451.0,45457.0,2023-08-04T08:04:59,0.0
scan_00234,scan_00234.h5,True,"S13131 P3,3A 7,3 MHz","S13131P3,3A7,3MHz",HP-U300/122C,HT 50K,[90/0],0.6,[90/0] Degree fiber orientation with 30 mm gap in first layer,gap,True,0.0,30.0,eddycus:cfg814b83f9,eddycus:def3c566448,4;7;8;12,0,101.0,451.0,45473.0,2023-08-03T15:04:48,0.0
scan_00235,scan_00235.h5,True,"S13131 P3,3A 7,3 MHz","S13131P3,3A7,3MHz",HP-U300/122C,HT 50K,[90/0],0.6,[90/0] Degree fiber orientation with 30 mm gap in first layer,gap,True,0.0,30.0,eddycus:cfg814b83f9,eddycus:def3c566448,4;7;8;12,0,101.0,451.0,45455.0,2023-08-03T14:38:03,0.0
scan_00236,scan_00236.h5,True,"S13131 P3,3A 7,3 MHz","S13131P3,3A7,3MHz",HP-U300/122C,HT 50K,[90/0],0.6,[90/0] Degree fiber orientation with 30 mm gap in first layer,gap,True,0.0,30.0,eddycus:cfg814b83f9,eddycus:def3c566448,4;7;8;12,0,101.0,451.0,45465.0,2023-08-03T14:11:16,0.0
scan_00237,scan_00237.h5,True,"S13131 P3,3A 7,3 MHz","S13131P3,3A7,3MHz",HP-U300/122C,HT 50K,[90/0],0.6,[90/0] Degree fiber orientation with 0 mm gap in first layer,gap,True,0.0,0.0,eddycus:cfg8e148bda,eddycus:defc000a57d,4;7;8;12,0,101.0,451.0,45464.0,2023-08-04T15:09:08,0.0
scan_00238,scan_00238.h5,True,"S13131 P3,3A 7,3 MHz","S13131P3,3A7,3MHz",HP-U300/122C,HT 50K,[90/0],0.6,[90/0] Degree fiber orientation with 0 mm gap in first layer,gap,True,0.0,0.0,eddycus:cfg8e148bda,eddycus:defc000a57d,4;7;8;12,0,101.0,451.0,45462.0,2023-08-04T14:44:09,0.0
scan_00239,scan_00239.h5,True,"S13131 P3,3A 7,3 MHz","S13131P3,3A7,3MHz",HP-U300/122C,HT 50K,[90/0],0.6,[90/0] Degree fiber orientation with 0 mm gap in first layer,gap,True,0.0,0.0,eddycus:cfg8e148bda,eddycus:defc000a57d,4;7;8;12,0,101.0,451.0,45472.0,2023-08-04T14:17:33,0.0
scan_00240,scan_00240.h5,True,"S13131 P3,3A 7,3 MHz","S13131P3,3A7,3MHz",HP-U300/122C,HT 50K,[90/45],0.6,[90/45] Degree fiber orientation with 10 mm gap in first layer,gap,True,0.0,10.0,eddycus:cfg4f94a084,eddycus:def1aa74720,4;7;8;12,0,101.0,451.0,45452.0,2023-08-02T14:08:30,0.0
scan_00241,scan_00241.h5,True,"S13131 P3,3A 7,3 MHz","S13131P3,3A7,3MHz",HP-U300/122C,HT 50K,[90/45],0.6,[90/45] Degree fiber orientation with 10 mm gap in first layer,gap,True,0.0,10.0,eddycus:cfg4f94a084,eddycus:def1aa74720,4;7;8;12,0,101.0,451.0,45470.0,2023-08-02T14:50:47,0.0
scan_00242,scan_00242.h5,True,"S13131 P3,3A 7,3 MHz","S13131P3,3A7,3MHz",HP-U300/122C,HT 50K,[90/45],0.6,[90/45] Degree fiber orientation with 10 mm gap in first layer,gap,True,0.0,10.0,eddycus:cfg4f94a084,eddycus:def1aa74720,4;7;8;12,0,101.0,451.0,45477.0,2023-08-02T15:16:57,0.0
scan_00243,scan_00243.h5,True,"S13131 P3,3A 7,3 MHz","S13131P3,3A7,3MHz",HP-U300/122C,HT 50K,[90/45],0.6,[90/45] Degree fiber orientation with 15 mm gap in first layer,gap,True,0.0,15.0,eddycus:cfg5b5bb499,eddycus:def299504c3,4;7;8;12,0,101.0,451.0,45454.0,2023-08-02T11:37:06,0.0
scan_00244,scan_00244.h5,True,"S13131 P3,3A 7,3 MHz","S13131P3,3A7,3MHz",HP-U300/122C,HT 50K,[90/45],0.6,[90/45] Degree fiber orientation with 15 mm gap in first layer,gap,True,0.0,15.0,eddycus:cfg5b5bb499,eddycus:def299504c3,4;7;8;12,0,101.0,451.0,45467.0,2023-08-02T12:03:39,0.0
scan_00245,scan_00245.h5,True,"S13131 P3,3A 7,3 MHz","S13131P3,3A7,3MHz",HP-U300/122C,HT 50K,[90/45],0.6,[90/45] Degree fiber orientation with 15 mm gap in first layer,gap,True,0.0,15.0,eddycus:cfg5b5bb499,eddycus:def299504c3,4;7;8;12,0,101.0,451.0,45466.0,2023-08-02T12:32:45,0.0
scan_00246,scan_00246.h5,True,"S13131 P3,3A 7,3 MHz","S13131P3,3A7,3MHz",HP-U300/122C,HT 50K,[90/45],0.6,[90/45] Degree fiber orientation with 20 mm gap in first layer,gap,True,0.0,20.0,eddycus:cfgf21c18b7,eddycus:def930ad50f,4;7;8;12,0,101.0,451.0,45475.0,"Freitag, 28. Juli 2023 * 13:30:04",0.0
scan_00247,scan_00247.h5,True,"S13131 P3,3A 7,3 MHz","S13131P3,3A7,3MHz",HP-U300/122C,HT 50K,[90/45],0.6,[90/45] Degree fiber orientation with 20 mm gap in first layer,gap,True,0.0,20.0,eddycus:cfgf21c18b7,eddycus:def930ad50f,4;7;8;12,0,101.0,451.0,45476.0,"Freitag, 28. Juli 2023 * 13:43:42",0.0
scan_00248,scan_00248.h5,True,"S13131 P3,3A 7,3 MHz","S13131P3,3A7,3MHz",HP-U300/122C,HT 50K,[90/45],0.6,[90/45] Degree fiber orientation with 20 mm gap in first layer,gap,True,0.0,20.0,eddycus:cfgf21c18b7,eddycus:def930ad50f,4;7;8;12,0,101.0,451.0,45455.0,2023-08-02T09:49:33,0.0
scan_00249,scan_00249.h5,True,"S13131 P3,3A 7,3 MHz","S13131P3,3A7,3MHz",HP-U300/122C,HT 50K,[90/45],0.6,[90/45] Degree fiber orientation with 25 mm gap in first layer,gap,True,0.0,25.0,eddycus:cfg3d93d100,eddycus:def158bf391,4;7;8;12,0,101.0,451.0,45460.0,"Freitag, 28. Juli 2023 * 10:08:11",0.0
scan_00250,scan_00250.h5,True,"S13131 P3,3A 7,3 MHz","S13131P3,3A7,3MHz",HP-U300/122C,HT 50K,[90/45],0.6,[90/45] Degree fiber orientation with 25 mm gap in first layer,gap,True,0.0,25.0,eddycus:cfg3d93d100,eddycus:def158bf391,4;7;8;12,0,101.0,451.0,45455.0,"Freitag, 28. Juli 2023 * 10:48:00",0.0
scan_00251,scan_00251.h5,True,"S13131 P3,3A 7,3 MHz","S13131P3,3A7,3MHz",HP-U300/122C,HT 50K,[90/45],0.6,[90/45] Degree fiber orientation with 25 mm gap in first layer,gap,True,0.0,25.0,eddycus:cfg3d93d100,eddycus:def158bf391,4;7;8;12,0,101.0,451.0,45458.0,"Freitag, 28. Juli 2023 * 11:16:05",0.0
scan_00252,scan_00252.h5,True,"S13131 P3,3A 7,3 MHz","S13131P3,3A7,3MHz",HP-U300/122C,HT 50K,[90/45],0.6,[90/45] Degree fiber orientation with 30 mm gap in first layer,gap,True,0.0,30.0,eddycus:cfg91248ae2,eddycus:def378251f8,4;7;8;12,0,101.0,451.0,45485.0,"Donnerstag, 27. Juli 2023 * 14:53:21",0.0
scan_00253,scan_00253.h5,True,"S13131 P3,3A 7,3 MHz","S13131P3,3A7,3MHz",HP-U300/122C,HT 50K,[90/45],0.6,[90/45] Degree fiber orientation with 30 mm gap in first layer,gap,True,0.0,30.0,eddycus:cfg91248ae2,eddycus:def378251f8,4;7;8;12,0,101.0,451.0,45458.0,"Freitag, 28. Juli 2023 * 09:14:09",0.0
scan_00254,scan_00254.h5,True,"S13131 P3,3A 7,3 MHz","S13131P3,3A7,3MHz",HP-U300/122C,HT 50K,[90/45],0.6,[90/45] Degree fiber orientation with 30 mm gap in first layer,gap,True,0.0,30.0,eddycus:cfg91248ae2,eddycus:def378251f8,4;7;8;12,0,101.0,451.0,45457.0,"Freitag, 28. Juli 2023 * 09:41:49",0.0
scan_00255,scan_00255.h5,True,"S13131 P3,3A 7,3 MHz","S13131P3,3A7,3MHz",HP-U300/122C,HT 50K,[90/45],0.6,[90/45] Degree fiber orientation with 10 mm gap in second layer,gap,True,0.3,10.0,eddycus:cfge8ab1723,eddycus:def150fe2ce,4;7;8;12,0,101.0,451.0,45494.0,2023-08-03T12:35:00,0.0
scan_00256,scan_00256.h5,True,"S13131 P3,3A 7,3 MHz","S13131P3,3A7,3MHz",HP-U300/122C,HT 50K,[90/45],0.6,[90/45] Degree fiber orientation with 10 mm gap in second layer,gap,True,0.3,10.0,eddycus:cfge8ab1723,eddycus:def150fe2ce,4;7;8;12,0,101.0,451.0,45464.0,2023-08-03T13:14:57,0.0
scan_00257,scan_00257.h5,True,"S13131 P3,3A 7,3 MHz","S13131P3,3A7,3MHz",HP-U300/122C,HT 50K,[90/45],0.6,[90/45] Degree fiber orientation with 10 mm gap in second layer,gap,True,0.3,10.0,eddycus:cfge8ab1723,eddycus:def150fe2ce,4;7;8;12,0,101.0,451.0,45464.0,2023-08-03T13:43:14,0.0
scan_00258,scan_00258.h5,True,"S13131 P3,3A 7,3 MHz","S13131P3,3A7,3MHz",HP-U300/122C,HT 50K,[90/45],0.6,[90/45] Degree fiber orientation with 15 mm gap in second layer,gap,True,0.3,15.0,eddycus:cfg37727a98,eddycus:def0a6d342d,4;7;8;12,0,101.0,451.0,45460.0,2023-08-02T12:46:46,0.0
scan_00259,scan_00259.h5,True,"S13131 P3,3A 7,3 MHz","S13131P3,3A7,3MHz",HP-U300/122C,HT 50K,[90/45],0.6,[90/45] Degree fiber orientation with 15 mm gap in second layer,gap,True,0.3,15.0,eddycus:cfg37727a98,eddycus:def0a6d342d,4;7;8;12,0,101.0,451.0,45456.0,2023-08-02T13:13:37,0.0
scan_00260,scan_00260.h5,True,"S13131 P3,3A 7,3 MHz","S13131P3,3A7,3MHz",HP-U300/122C,HT 50K,[90/45],0.6,[90/45] Degree fiber orientation with 15 mm gap in second layer,gap,True,0.3,15.0,eddycus:cfg37727a98,eddycus:def0a6d342d,4;7;8;12,0,101.0,451.0,45457.0,2023-08-02T13:54:13,0.0
scan_00261,scan_00261.h5,True,"S13131 P3,3A 7,3 MHz","S13131P3,3A7,3MHz",HP-U300/122C,HT 50K,[90/45],0.6,[90/45] Degree fiber orientation with 20 mm gap in second layer,gap,True,0.3,20.0,eddycus:cfg0e144177,eddycus:def277665a3,4;7;8;12,0,101.0,451.0,45455.0,2023-08-02T10:16:25,0.0
scan_00262,scan_00262.h5,True,"S13131 P3,3A 7,3 MHz","S13131P3,3A7,3MHz",HP-U300/122C,HT 50K,[90/45],0.6,[90/45] Degree fiber orientation with 20 mm gap in second layer,gap,True,0.3,20.0,eddycus:cfg0e144177,eddycus:def277665a3,4;7;8;12,0,101.0,451.0,45483.0,2023-08-02T10:43:14,0.0
scan_00263,scan_00263.h5,True,"S13131 P3,3A 7,3 MHz","S13131P3,3A7,3MHz",HP-U300/122C,HT 50K,[90/45],0.6,[90/45] Degree fiber orientation with 20 mm gap in second layer,gap,True,0.3,20.0,eddycus:cfg0e144177,eddycus:def277665a3,4;7;8;12,0,101.0,451.0,45461.0,2023-08-02T10:57:13,0.0
scan_00264,scan_00264.h5,True,"S13131 P3,3A 7,3 MHz","S13131P3,3A7,3MHz",HP-U300/122C,HT 50K,[90/45],0.6,[90/45] Degree fiber orientation with 25 mm gap in second layer,gap,True,0.3,25.0,eddycus:cfg9d464917,eddycus:defbd57e629,4;7;8;12,0,101.0,451.0,45465.0,"Freitag, 28. Juli 2023 * 11:32:14",0.0
scan_00265,scan_00265.h5,True,"S13131 P3,3A 7,3 MHz","S13131P3,3A7,3MHz",HP-U300/122C,HT 50K,[90/45],0.6,[90/45] Degree fiber orientation with 25 mm gap in second layer,gap,True,0.3,25.0,eddycus:cfg9d464917,eddycus:defbd57e629,4;7;8;12,0,101.0,451.0,45465.0,"Freitag, 28. Juli 2023 * 12:12:44",0.0
scan_00266,scan_00266.h5,True,"S13131 P3,3A 7,3 MHz","S13131P3,3A7,3MHz",HP-U300/122C,HT 50K,[90/45],0.6,[90/45] Degree fiber orientation with 25 mm gap in second layer,gap,True,0.3,25.0,eddycus:cfg9d464917,eddycus:defbd57e629,4;7;8;12,0,101.0,451.0,45473.0,"Freitag, 28. Juli 2023 * 13:01:45",0.0
scan_00267,scan_00267.h5,True,"S13131 P3,3A 7,3 MHz","S13131P3,3A7,3MHz",HP-U300/122C,HT 50K,[90/45],0.6,[90/45] Degree fiber orientation with 30 mm gap in second layer,gap,True,0.3,30.0,eddycus:cfg1ed9a666,eddycus:def1b5f4353,4;7;8;12,0,101.0,451.0,45477.0,"Donnerstag, 27. Juli 2023 * 13:31:19",0.0
scan_00268,scan_00268.h5,True,"S13131 P3,3A 7,3 MHz","S13131P3,3A7,3MHz",HP-U300/122C,HT 50K,[90/45],0.6,[90/45] Degree fiber orientation with 30 mm gap in second layer,gap,True,0.3,30.0,eddycus:cfg1ed9a666,eddycus:def1b5f4353,4;7;8;12,0,101.0,451.0,45471.0,"Donnerstag, 27. Juli 2023 * 13:57:39",0.0
scan_00269,scan_00269.h5,True,"S13131 P3,3A 7,3 MHz","S13131P3,3A7,3MHz",HP-U300/122C,HT 50K,[90/45],0.6,[90/45] Degree fiber orientation with 30 mm gap in second layer,gap,True,0.3,30.0,eddycus:cfg1ed9a666,eddycus:def1b5f4353,4;7;8;12,0,101.0,451.0,45480.0,"Donnerstag, 27. Juli 2023 * 14:24:52",0.0
scan_00270,scan_00270.h5,True,"S13131 P3,3A 7,3 MHz","S13131P3,3A7,3MHz",HP-U300/122C,HT 50K,[90/45],0.6,[90/45] Degree fiber orientation with 0 mm gap in first layer,gap,True,0.0,0.0,eddycus:cfg99d4eeac,eddycus:def2201dace,4;7;8;12,0,101.0,451.0,45482.0,"Donnerstag, 27. Juli 2023 * 13:03:20",0.0
scan_00271,scan_00271.h5,True,"S13131 P3,3A 7,3 MHz","S13131P3,3A7,3MHz",HP-U300/122C,HT 50K,[90/45],0.6,[90/45] Degree fiber orientation with 0 mm gap in first layer,gap,True,0.0,0.0,eddycus:cfg99d4eeac,eddycus:def2201dace,4;7;8;12,0,101.0,451.0,45488.0,"Donnerstag, 27. Juli 2023 * 12:37:52",0.0
scan_00272,scan_00272.h5,True,"S13131 P3,3A 7,3 MHz","S13131P3,3A7,3MHz",HP-U300/122C,HT 50K,[90/45],0.6,[90/45] Degree fiber orientation with 0 mm gap in first layer,gap,True,0.0,0.0,eddycus:cfg99d4eeac,eddycus:def2201dace,4;7;8;12,0,101.0,451.0,45469.0,"Donnerstag, 27. Juli 2023 * 11:44:37",0.0
scan_00273,scan_00273.h5,True,"S13131 P3,3A 7,3 MHz","S13131P3,3A7,3MHz",HP-U300/122C,HT 50K,[90/90],0.6,[90/90] Degree fiber orientation with 10 mm gap in first layer,gap,True,0.0,10.0,eddycus:cfg185141d3,eddycus:def6cd4e746,4;7;8;12,0,101.0,451.0,45478.0,2023-08-07T14:41:02,0.0
scan_00274,scan_00274.h5,True,"S13131 P3,3A 7,3 MHz","S13131P3,3A7,3MHz",HP-U300/122C,HT 50K,[90/90],0.6,[90/90] Degree fiber orientation with 10 mm gap in first layer,gap,True,0.0,10.0,eddycus:cfg185141d3,eddycus:def6cd4e746,4;7;8;12,0,101.0,451.0,45472.0,2023-08-07T15:07:45,0.0
scan_00275,scan_00275.h5,True,"S13131 P3,3A 7,3 MHz","S13131P3,3A7,3MHz",HP-U300/122C,HT 50K,[90/90],0.6,[90/90] Degree fiber orientation with 10 mm gap in first layer,gap,True,0.0,10.0,eddycus:cfg185141d3,eddycus:def6cd4e746,4;7;8;12,0,101.0,451.0,45454.0,2023-08-07T14:14:07,0.0
scan_00276,scan_00276.h5,True,"S13131 P3,3A 7,3 MHz","S13131P3,3A7,3MHz",HP-U300/122C,HT 50K,[90/90],0.6,[90/90] Degree fiber orientation with 15 mm gap in first layer,gap,True,0.0,15.0,eddycus:cfg199fdf66,eddycus:def080fd20b,4;7;8;12,0,101.0,451.0,45490.0,2023-08-04T14:04:09,0.0
scan_00277,scan_00277.h5,True,"S13131 P3,3A 7,3 MHz","S13131P3,3A7,3MHz",HP-U300/122C,HT 50K,[90/90],0.6,[90/90] Degree fiber orientation with 15 mm gap in first layer,gap,True,0.0,15.0,eddycus:cfg199fdf66,eddycus:def080fd20b,4;7;8;12,0,101.0,451.0,45460.0,2023-08-07T13:21:56,0.0
scan_00278,scan_00278.h5,True,"S13131 P3,3A 7,3 MHz","S13131P3,3A7,3MHz",HP-U300/122C,HT 50K,[90/90],0.6,[90/90] Degree fiber orientation with 15 mm gap in first layer,gap,True,0.0,15.0,eddycus:cfg199fdf66,eddycus:def080fd20b,4;7;8;12,0,101.0,451.0,45464.0,2023-08-07T13:48:03,0.0
scan_00279,scan_00279.h5,True,"S13131 P3,3A 7,3 MHz","S13131P3,3A7,3MHz",HP-U300/122C,HT 50K,[90/90],0.6,[90/90] Degree fiber orientation with 20 mm gap in first layer,gap,True,0.0,20.0,eddycus:cfg7c2bb659,eddycus:def8f45fc8e,4;7;8;12,0,101.0,451.0,45508.0,2023-08-08T09:21:48,0.0
scan_00280,scan_00280.h5,True,"S13131 P3,3A 7,3 MHz","S13131P3,3A7,3MHz",HP-U300/122C,HT 50K,[90/90],0.6,[90/90] Degree fiber orientation with 20 mm gap in first layer,gap,True,0.0,20.0,eddycus:cfg7c2bb659,eddycus:def8f45fc8e,4;7;8;12,0,101.0,451.0,45506.0,2023-08-08T09:47:35,0.0
scan_00281,scan_00281.h5,True,"S13131 P3,3A 7,3 MHz","S13131P3,3A7,3MHz",HP-U300/122C,HT 50K,[90/90],0.6,[90/90] Degree fiber orientation with 20 mm gap in first layer,gap,True,0.0,20.0,eddycus:cfg7c2bb659,eddycus:def8f45fc8e,4;7;8;12,0,101.0,451.0,45487.0,2023-08-08T10:00:28,0.0
scan_00282,scan_00282.h5,True,"S13131 P3,3A 7,3 MHz","S13131P3,3A7,3MHz",HP-U300/122C,HT 50K,[90/90],0.6,[90/90] Degree fiber orientation with 25 mm gap in first layer,gap,True,0.0,25.0,eddycus:cfgf73ea869,eddycus:def8e474bcb,4;7;8;12,0,101.0,451.0,45452.0,2023-08-08T11:34:35,0.0
scan_00283,scan_00283.h5,True,"S13131 P3,3A 7,3 MHz","S13131P3,3A7,3MHz",HP-U300/122C,HT 50K,[90/90],0.6,[90/90] Degree fiber orientation with 25 mm gap in first layer,gap,True,0.0,25.0,eddycus:cfgf73ea869,eddycus:def8e474bcb,4;7;8;12,0,101.0,451.0,45483.0,2023-08-08T11:08:15,0.0
scan_00284,scan_00284.h5,True,"S13131 P3,3A 7,3 MHz","S13131P3,3A7,3MHz",HP-U300/122C,HT 50K,[90/90],0.6,[90/90] Degree fiber orientation with 25 mm gap in first layer,gap,True,0.0,25.0,eddycus:cfgf73ea869,eddycus:def8e474bcb,4;7;8;12,0,101.0,451.0,45483.0,2023-08-08T10:42:18,0.0
scan_00285,scan_00285.h5,True,"S13131 P3,3A 7,3 MHz","S13131P3,3A7,3MHz",HP-U300/122C,HT 50K,[90/90],0.6,[90/90] Degree fiber orientation with 30 mm gap in first layer,gap,True,0.0,30.0,eddycus:cfg6443c800,eddycus:def354ce7da,4;7;8;12,0,101.0,451.0,45453.0,2023-08-08T14:01:13,0.0
scan_00286,scan_00286.h5,True,"S13131 P3,3A 7,3 MHz","S13131P3,3A7,3MHz",HP-U300/122C,HT 50K,[90/90],0.6,[90/90] Degree fiber orientation with 30 mm gap in first layer,gap,True,0.0,30.0,eddycus:cfg6443c800,eddycus:def354ce7da,4;7;8;12,0,101.0,451.0,45455.0,2023-08-08T13:33:14,0.0
scan_00287,scan_00287.h5,True,"S13131 P3,3A 7,3 MHz","S13131P3,3A7,3MHz",HP-U300/122C,HT 50K,[90/90],0.6,[90/90] Degree fiber orientation with 30 mm gap in first layer,gap,True,0.0,30.0,eddycus:cfg6443c800,eddycus:def354ce7da,4;7;8;12,0,101.0,451.0,45491.0,2023-08-08T13:06:48,0.0
scan_00288,scan_00288.h5,True,"S13131 P3,3A 7,3 MHz","S13131P3,3A7,3MHz",HP-U300/122C,HT 50K,[90/90],0.6,[90/90] Degree fiber orientation with 10 mm gap in second layer,gap,True,0.3,10.0,eddycus:cfgb65980c7,eddycus:defbfb3e943,4;7;8;12,0,101.0,451.0,45478.0,2023-08-07T14:28:18,0.0
scan_00289,scan_00289.h5,True,"S13131 P3,3A 7,3 MHz","S13131P3,3A7,3MHz",HP-U300/122C,HT 50K,[90/90],0.6,[90/90] Degree fiber orientation with 10 mm gap in second layer,gap,True,0.3,10.0,eddycus:cfgb65980c7,eddycus:defbfb3e943,4;7;8;12,0,101.0,451.0,45478.0,2023-08-07T14:54:41,0.0
scan_00290,scan_00290.h5,True,"S13131 P3,3A 7,3 MHz","S13131P3,3A7,3MHz",HP-U300/122C,HT 50K,[90/90],0.6,[90/90] Degree fiber orientation with 10 mm gap in second layer,gap,True,0.3,10.0,eddycus:cfgb65980c7,eddycus:defbfb3e943,4;7;8;12,0,101.0,451.0,45451.0,2023-08-07T14:01:16,0.0
scan_00291,scan_00291.h5,True,"S13131 P3,3A 7,3 MHz","S13131P3,3A7,3MHz",HP-U300/122C,HT 50K,[90/90],0.6,[90/90] Degree fiber orientation with 15 mm gap in second layer,gap,True,0.3,15.0,eddycus:cfg7beba947,eddycus:defaf00586f,4;7;8;12,0,101.0,451.0,45464.0,2023-08-04T13:51:19,0.0
scan_00292,scan_00292.h5,True,"S13131 P3,3A 7,3 MHz","S13131P3,3A7,3MHz",HP-U300/122C,HT 50K,[90/90],0.6,[90/90] Degree fiber orientation with 15 mm gap in second layer,gap,True,0.3,15.0,eddycus:cfg7beba947,eddycus:defaf00586f,4;7;8;12,0,101.0,451.0,45501.0,2023-08-07T13:09:03,0.0
scan_00293,scan_00293.h5,True,"S13131 P3,3A 7,3 MHz","S13131P3,3A7,3MHz",HP-U300/122C,HT 50K,[90/90],0.6,[90/90] Degree fiber orientation with 15 mm gap in second layer,gap,True,0.3,15.0,eddycus:cfg7beba947,eddycus:defaf00586f,4;7;8;12,0,101.0,451.0,45470.0,2023-08-07T13:35:24,0.0
scan_00294,scan_00294.h5,True,"S13131 P3,3A 7,3 MHz","S13131P3,3A7,3MHz",HP-U300/122C,HT 50K,[90/90],0.6,[90/90] Degree fiber orientation with 20 mm gap in second layer,gap,True,0.3,20.0,eddycus:cfgfd0889ce,eddycus:def3659287f,4;7;8;12,0,101.0,451.0,45452.0,2023-08-08T09:08:57,0.0
scan_00295,scan_00295.h5,True,"S13131 P3,3A 7,3 MHz","S13131P3,3A7,3MHz",HP-U300/122C,HT 50K,[90/90],0.6,[90/90] Degree fiber orientation with 20 mm gap in second layer,gap,True,0.3,20.0,eddycus:cfgfd0889ce,eddycus:def3659287f,4;7;8;12,0,101.0,451.0,45451.0,2023-08-08T09:35:14,0.0
scan_00296,scan_00296.h5,True,"S13131 P3,3A 7,3 MHz","S13131P3,3A7,3MHz",HP-U300/122C,HT 50K,[90/90],0.6,[90/90] Degree fiber orientation with 20 mm gap in second layer,gap,True,0.3,20.0,eddycus:cfgfd0889ce,eddycus:def3659287f,4;7;8;12,0,101.0,451.0,45513.0,2023-08-08T10:13:09,0.0
scan_00297,scan_00297.h5,True,"S13131 P3,3A 7,3 MHz","S13131P3,3A7,3MHz",HP-U300/122C,HT 50K,[90/90],0.6,[90/90] Degree fiber orientation with 25 mm gap in second layer,gap,True,0.3,25.0,eddycus:cfgbdfdccdf,eddycus:def0672ca40,4;7;8;12,0,101.0,451.0,45456.0,2023-08-08T11:22:07,0.0
scan_00298,scan_00298.h5,True,"S13131 P3,3A 7,3 MHz","S13131P3,3A7,3MHz",HP-U300/122C,HT 50K,[90/90],0.6,[90/90] Degree fiber orientation with 25 mm gap in second layer,gap,True,0.3,25.0,eddycus:cfgbdfdccdf,eddycus:def0672ca40,4;7;8;12,0,101.0,451.0,45498.0,2023-08-08T10:55:35,0.0
scan_00299,scan_00299.h5,True,"S13131 P3,3A 7,3 MHz","S13131P3,3A7,3MHz",HP-U300/122C,HT 50K,[90/90],0.6,[90/90] Degree fiber orientation with 25 mm gap in second layer,gap,True,0.3,25.0,eddycus:cfgbdfdccdf,eddycus:def0672ca40,4;7;8;12,0,101.0,451.0,45512.0,2023-08-08T10:27:10,0.0
scan_00300,scan_00300.h5,True,"S13131 P3,3A 7,3 MHz","S13131P3,3A7,3MHz",HP-U300/122C,HT 50K,[90/90],0.6,[90/90] Degree fiber orientation with 30 mm gap in second layer,gap,True,0.3,30.0,eddycus:cfg21fd0235,eddycus:def4fec16dc,4;7;8;12,0,101.0,451.0,45465.0,2023-08-08T13:47:13,0.0
scan_00301,scan_00301.h5,True,"S13131 P3,3A 7,3 MHz","S13131P3,3A7,3MHz",HP-U300/122C,HT 50K,[90/90],0.6,[90/90] Degree fiber orientation with 30 mm gap in second layer,gap,True,0.3,30.0,eddycus:cfg21fd0235,eddycus:def4fec16dc,4;7;8;12,0,101.0,451.0,45458.0,2023-08-08T13:20:42,0.0
scan_00302,scan_00302.h5,True,"S13131 P3,3A 7,3 MHz","S13131P3,3A7,3MHz",HP-U300/122C,HT 50K,[90/90],0.6,[90/90] Degree fiber orientation with 30 mm gap in second layer,gap,True,0.3,30.0,eddycus:cfg21fd0235,eddycus:def4fec16dc,4;7;8;12,0,101.0,451.0,45455.0,2023-08-08T12:41:18,0.0
scan_00303,scan_00303.h5,True,"S13131 P3,3A 7,3 MHz","S13131P3,3A7,3MHz",HP-U300/122C,HT 50K,[90/90],0.6,[90/90] Degree fiber orientation with 0 mm gap in first layer,gap,True,0.0,0.0,eddycus:cfgcccf8017,eddycus:def05c67e7e,4;7;8;12,0,101.0,451.0,45454.0,2023-08-08T12:15:10,0.0
scan_00304,scan_00304.h5,True,"S13131 P3,3A 7,3 MHz","S13131P3,3A7,3MHz",HP-U300/122C,HT 50K,[90/90],0.6,[90/90] Degree fiber orientation with 0 mm gap in first layer,gap,True,0.0,0.0,eddycus:cfgcccf8017,eddycus:def05c67e7e,4;7;8;12,0,101.0,451.0,45460.0,2023-08-08T12:01:54,0.0
scan_00305,scan_00305.h5,True,"S13131 P3,3A 7,3 MHz","S13131P3,3A7,3MHz",HP-U300/122C,HT 50K,[90/90],0.6,[90/90] Degree fiber orientation with 0 mm gap in first layer,gap,True,0.0,0.0,eddycus:cfgcccf8017,eddycus:def05c67e7e,4;7;8;12,0,101.0,451.0,45456.0,2023-08-08T11:48:20,0.0
scan_00306,scan_00306.h5,True,"S13131 P3,3A 7,3 MHz","S13131P3,3A7,3MHz",HP-U300/122C,HT 50K,[90],0.3,[90] Degree fiber orientation with 0 mm gap in first layer,gap,True,0.0,0.0,eddycus:cfg819e555a,eddycus:def04fcf642,4;7;8;12,0,101.0,451.0,45458.0,2023-08-10T10:02:41,90.0
scan_00307,scan_00307.h5,True,"S13131 P3,3A 7,3 MHz","S13131P3,3A7,3MHz",HP-U300/122C,HT 50K,[90],0.3,[90] Degree fiber orientation with 0 mm gap in first layer,gap,True,0.0,0.0,eddycus:cfg819e555a,eddycus:def04fcf642,4;7;8;12,0,101.0,451.0,45482.0,2023-08-10T09:50:06,90.0
scan_00308,scan_00308.h5,True,"S13131 P3,3A 7,3 MHz","S13131P3,3A7,3MHz",HP-U300/122C,HT 50K,[90],0.3,[90] Degree fiber orientation with 0 mm gap in first layer,gap,True,0.0,0.0,eddycus:cfg819e555a,eddycus:def04fcf642,4;7;8;12,0,101.0,451.0,45474.0,2023-08-10T09:37:17,90.0
scan_00309,scan_00309.h5,True,"S13131 P3,3A 7,3 MHz","S13131P3,3A7,3MHz",HP-U300/122C,HT 50K,[90],0.3,[90] Degree fiber orientation with 10 mm gap in first layer,gap,True,0.0,10.0,eddycus:cfg8454139f,eddycus:defa7e48ef9,4;7;8;12,0,101.0,451.0,45454.0,2023-08-09T12:32:55,90.0
scan_00310,scan_00310.h5,True,"S13131 P3,3A 7,3 MHz","S13131P3,3A7,3MHz",HP-U300/122C,HT 50K,[90],0.3,[90] Degree fiber orientation with 10 mm gap in first layer,gap,True,0.0,10.0,eddycus:cfg8454139f,eddycus:defa7e48ef9,4;7;8;12,0,101.0,451.0,45491.0,2023-08-09T12:05:59,90.0
scan_00311,scan_00311.h5,True,"S13131 P3,3A 7,3 MHz","S13131P3,3A7,3MHz",HP-U300/122C,HT 50K,[90],0.3,[90] Degree fiber orientation with 10 mm gap in first layer,gap,True,0.0,10.0,eddycus:cfg8454139f,eddycus:defa7e48ef9,4;7;8;12,0,101.0,451.0,45451.0,2023-08-09T11:52:15,90.0
scan_00312,scan_00312.h5,True,"S13131 P3,3A 7,3 MHz","S13131P3,3A7,3MHz",HP-U300/122C,HT 50K,[90],0.3,[90] Degree fiber orientation with 15 mm gap in first layer,gap,True,0.0,15.0,eddycus:cfg1ab1b31b,eddycus:defd4ff3d0b,4;7;8;12,0,101.0,451.0,45475.0,2023-08-09T13:22:57,90.0
scan_00313,scan_00313.h5,True,"S13131 P3,3A 7,3 MHz","S13131P3,3A7,3MHz",HP-U300/122C,HT 50K,[90],0.3,[90] Degree fiber orientation with 15 mm gap in first layer,gap,True,0.0,15.0,eddycus:cfg1ab1b31b,eddycus:defd4ff3d0b,4;7;8;12,0,101.0,451.0,45453.0,2023-08-09T13:09:31,90.0
scan_00314,scan_00314.h5,True,"S13131 P3,3A 7,3 MHz","S13131P3,3A7,3MHz",HP-U300/122C,HT 50K,[90],0.3,[90] Degree fiber orientation with 15 mm gap in first layer,gap,True,0.0,15.0,eddycus:cfg1ab1b31b,eddycus:defd4ff3d0b,4;7;8;12,0,101.0,451.0,45451.0,2023-08-09T12:56:40,90.0
scan_00315,scan_00315.h5,True,"S13131 P3,3A 7,3 MHz","S13131P3,3A7,3MHz",HP-U300/122C,HT 50K,[90],0.3,[90] Degree fiber orientation with 20 mm gap in first layer,gap,True,0.0,20.0,eddycus:cfg3e03f0c0,eddycus:def628b4d11,4;7;8;12,0,101.0,451.0,45491.0,2023-08-09T14:01:52,90.0
scan_00316,scan_00316.h5,True,"S13131 P3,3A 7,3 MHz","S13131P3,3A7,3MHz",HP-U300/122C,HT 50K,[90],0.3,[90] Degree fiber orientation with 20 mm gap in first layer,gap,True,0.0,20.0,eddycus:cfg3e03f0c0,eddycus:def628b4d11,4;7;8;12,0,101.0,451.0,45494.0,2023-08-09T13:48:43,90.0
scan_00317,scan_00317.h5,True,"S13131 P3,3A 7,3 MHz","S13131P3,3A7,3MHz",HP-U300/122C,HT 50K,[90],0.3,[90] Degree fiber orientation with 20 mm gap in first layer,gap,True,0.0,20.0,eddycus:cfg3e03f0c0,eddycus:def628b4d11,4;7;8;12,0,101.0,451.0,45479.0,2023-08-09T13:35:39,90.0
scan_00318,scan_00318.h5,True,"S13131 P3,3A 7,3 MHz","S13131P3,3A7,3MHz",HP-U300/122C,HT 50K,[90],0.3,[90] Degree fiber orientation with 25 mm gap in first layer,gap,True,0.0,25.0,eddycus:cfg0db095fb,eddycus:def7a3ebdb3,4;7;8;12,0,101.0,451.0,45484.0,2023-08-10T10:41:58,90.0
scan_00319,scan_00319.h5,True,"S13131 P3,3A 7,3 MHz","S13131P3,3A7,3MHz",HP-U300/122C,HT 50K,[90],0.3,[90] Degree fiber orientation with 25 mm gap in first layer,gap,True,0.0,25.0,eddycus:cfg0db095fb,eddycus:def7a3ebdb3,4;7;8;12,0,101.0,451.0,45467.0,2023-08-10T10:28:57,90.0
scan_00320,scan_00320.h5,True,"S13131 P3,3A 7,3 MHz","S13131P3,3A7,3MHz",HP-U300/122C,HT 50K,[90],0.3,[90] Degree fiber orientation with 25 mm gap in first layer,gap,True,0.0,25.0,eddycus:cfg0db095fb,eddycus:def7a3ebdb3,4;7;8;12,0,101.0,451.0,45494.0,2023-08-10T10:16:00,90.0
scan_00321,scan_00321.h5,True,"S13131 P3,3A 7,3 MHz","S13131P3,3A7,3MHz",HP-U300/122C,HT 50K,[90],0.3,[90] Degree fiber orientation with 30 mm gap in first layer,gap,True,0.0,30.0,eddycus:cfgcd2d6ab2,eddycus:deffe29af95,4;7;8;12,0,101.0,451.0,45475.0,2023-08-10T11:22:05,90.0
scan_00322,scan_00322.h5,True,"S13131 P3,3A 7,3 MHz","S13131P3,3A7,3MHz",HP-U300/122C,HT 50K,[90],0.3,[90] Degree fiber orientation with 30 mm gap in first layer,gap,True,0.0,30.0,eddycus:cfgcd2d6ab2,eddycus:deffe29af95,4;7;8;12,0,101.0,451.0,45463.0,2023-08-10T11:09:01,90.0
scan_00323,scan_00323.h5,True,"S13131 P3,3A 7,3 MHz","S13131P3,3A7,3MHz",HP-U300/122C,HT 50K,[90],0.3,[90] Degree fiber orientation with 30 mm gap in first layer,gap,True,0.0,30.0,eddycus:cfgcd2d6ab2,eddycus:deffe29af95,4;7;8;12,0,101.0,451.0,45510.0,2023-08-10T10:56:04,90.0
scan_00324,scan_00324.h5,True,"S13131 P3,3A 7,3 MHz","S13131P3,3A7,3MHz",HP-U300/122C,HT 50K,[0/90],0.6,[0/90] Degree fiber orientation with 10 mm gap in second layer,gap,True,0.3,10.0,eddycus:cfg078834ad,eddycus:def8e7d523c,4;7;8;12,0,101.0,450.0,45450.0,2023-08-15T10:13:40,90.0
scan_00325,scan_00325.h5,True,"S13131 P3,3A 7,3 MHz","S13131P3,3A7,3MHz",HP-U300/122C,HT 50K,[0/90],0.6,[0/90] Degree fiber orientation with 10 mm gap in second layer,gap,True,0.3,10.0,eddycus:cfg078834ad,eddycus:def8e7d523c,4;7;8;12,0,101.0,451.0,45452.0,2023-08-15T10:45:28,90.0
scan_00326,scan_00326.h5,True,"S13131 P3,3A 7,3 MHz","S13131P3,3A7,3MHz",HP-U300/122C,HT 50K,[0/90],0.6,[0/90] Degree fiber orientation with 10 mm gap in second layer,gap,True,0.3,10.0,eddycus:cfg078834ad,eddycus:def8e7d523c,4;7;8;12,0,101.0,451.0,45456.0,2023-08-15T11:11:04,90.0
scan_00327,scan_00327.h5,True,"S13131 P3,3A 7,3 MHz","S13131P3,3A7,3MHz",HP-U300/122C,HT 50K,[0/90],0.6,[0/90] Degree fiber orientation with 15 mm gap in second layer,gap,True,0.3,15.0,eddycus:cfg33c634aa,eddycus:def742db647,4;7;8;12,0,101.0,451.0,45524.0,2023-08-15T11:37:20,90.0
scan_00328,scan_00328.h5,True,"S13131 P3,3A 7,3 MHz","S13131P3,3A7,3MHz",HP-U300/122C,HT 50K,[0/90],0.6,[0/90] Degree fiber orientation with 15 mm gap in second layer,gap,True,0.3,15.0,eddycus:cfg33c634aa,eddycus:def742db647,4;7;8;12,0,101.0,451.0,45483.0,2023-08-15T12:21:45,90.0
scan_00329,scan_00329.h5,True,"S13131 P3,3A 7,3 MHz","S13131P3,3A7,3MHz",HP-U300/122C,HT 50K,[0/90],0.6,[0/90] Degree fiber orientation with 15 mm gap in second layer,gap,True,0.3,15.0,eddycus:cfg33c634aa,eddycus:def742db647,4;7;8;12,0,101.0,451.0,45462.0,2023-08-15T12:47:44,90.0
scan_00330,scan_00330.h5,True,"S13131 P3,3A 7,3 MHz","S13131P3,3A7,3MHz",HP-U300/122C,HT 50K,[0/90],0.6,[0/90] Degree fiber orientation with 20 mm gap in second layer,gap,True,0.3,20.0,eddycus:cfg3faa66bf,eddycus:def6331eb35,4;7;8;12,0,101.0,450.0,45450.0,2023-08-15T13:12:40,90.0
scan_00331,scan_00331.h5,True,"S13131 P3,3A 7,3 MHz","S13131P3,3A7,3MHz",HP-U300/122C,HT 50K,[0/90],0.6,[0/90] Degree fiber orientation with 20 mm gap in second layer,gap,True,0.3,20.0,eddycus:cfg3faa66bf,eddycus:def6331eb35,4;7;8;12,0,101.0,450.0,45450.0,2023-08-15T13:40:15,90.0
scan_00332,scan_00332.h5,True,"S13131 P3,3A 7,3 MHz","S13131P3,3A7,3MHz",HP-U300/122C,HT 50K,[0/90],0.6,[0/90] Degree fiber orientation with 20 mm gap in second layer,gap,True,0.3,20.0,eddycus:cfg3faa66bf,eddycus:def6331eb35,4;7;8;12,0,101.0,451.0,45451.0,2023-08-15T14:06:33,90.0
scan_00333,scan_00333.h5,True,"S13131 P3,3A 7,3 MHz","S13131P3,3A7,3MHz",HP-U300/122C,HT 50K,[0/90],0.6,[0/90] Degree fiber orientation with 25 mm gap in second layer,gap,True,0.3,25.0,eddycus:cfg1388d3a9,eddycus:def08d97f1f,4;7;8;12,0,101.0,450.0,45450.0,2023-08-15T14:32:34,90.0
scan_00334,scan_00334.h5,True,"S13131 P3,3A 7,3 MHz","S13131P3,3A7,3MHz",HP-U300/122C,HT 50K,[0/90],0.6,[0/90] Degree fiber orientation with 25 mm gap in second layer,gap,True,0.3,25.0,eddycus:cfg1388d3a9,eddycus:def08d97f1f,4;7;8;12,0,101.0,451.0,45514.0,2023-08-15T14:58:50,90.0
scan_00335,scan_00335.h5,True,"S13131 P3,3A 7,3 MHz","S13131P3,3A7,3MHz",HP-U300/122C,HT 50K,[0/90],0.6,[0/90] Degree fiber orientation with 25 mm gap in second layer,gap,True,0.3,25.0,eddycus:cfg1388d3a9,eddycus:def08d97f1f,4;7;8;12,0,101.0,451.0,45471.0,2023-08-15T15:23:37,90.0
scan_00336,scan_00336.h5,True,"S13131 P3,3A 7,3 MHz","S13131P3,3A7,3MHz",HP-U300/122C,HT 50K,[0/90],0.6,[0/90] Degree fiber orientation with 30 mm gap in second layer,gap,True,0.3,30.0,eddycus:cfg3d453410,eddycus:def767f5307,4;7;8;12,0,101.0,451.0,45451.0,2023-08-16T09:19:00,90.0
scan_00337,scan_00337.h5,True,"S13131 P3,3A 7,3 MHz","S13131P3,3A7,3MHz",HP-U300/122C,HT 50K,[0/90],0.6,[0/90] Degree fiber orientation with 30 mm gap in second layer,gap,True,0.3,30.0,eddycus:cfg3d453410,eddycus:def767f5307,4;7;8;12,0,101.0,451.0,45470.0,2023-08-16T09:46:36,90.0
scan_00338,scan_00338.h5,True,"S13131 P3,3A 7,3 MHz","S13131P3,3A7,3MHz",HP-U300/122C,HT 50K,[0/90],0.6,[0/90] Degree fiber orientation with 30 mm gap in second layer,gap,True,0.3,30.0,eddycus:cfg3d453410,eddycus:def767f5307,4;7;8;12,0,101.0,451.0,45479.0,2023-08-16T10:12:29,90.0
scan_00339,scan_00339.h5,True,"S13131 P3,3A 7,3 MHz","S13131P3,3A7,3MHz",HP-U300/122C,HT 50K,[0/90],0.6,[0/90] Degree fiber orientation with 0 mm gap in first layer,gap,True,0.0,0.0,eddycus:cfgdc555cc9,eddycus:def25e6cbd9,4;7;8;12,0,101.0,451.0,45481.0,2023-08-11T13:29:08,90.0
scan_00340,scan_00340.h5,True,"S13131 P3,3A 7,3 MHz","S13131P3,3A7,3MHz",HP-U300/122C,HT 50K,[0/90],0.6,[0/90] Degree fiber orientation with 0 mm gap in first layer,gap,True,0.0,0.0,eddycus:cfgdc555cc9,eddycus:def25e6cbd9,4;7;8;12,0,101.0,451.0,45464.0,2023-08-11T13:56:14,90.0
scan_00341,scan_00341.h5,True,"S13131 P3,3A 7,3 MHz","S13131P3,3A7,3MHz",HP-U300/122C,HT 50K,[0/90],0.6,[0/90] Degree fiber orientation with 0 mm gap in first layer,gap,True,0.0,0.0,eddycus:cfgdc555cc9,eddycus:def25e6cbd9,4;7;8;12,0,101.0,451.0,45499.0,2023-08-15T09:34:09,90.0
scan_00342,scan_00342.h5,True,"S13131 P3,3A 7,3 MHz","S13131P3,3A7,3MHz",HP-U300/122C,HT 50K,[45/90],0.6,[45/90] Degree fiber orientation with 10 mm gap in first layer,gap,True,0.0,10.0,eddycus:cfg414f073a,eddycus:defa1a267c9,4;7;8;12,0,101.0,451.0,45465.0,2023-08-16T11:22:12,90.0
scan_00343,scan_00343.h5,True,"S13131 P3,3A 7,3 MHz","S13131P3,3A7,3MHz",HP-U300/122C,HT 50K,[45/90],0.6,[45/90] Degree fiber orientation with 10 mm gap in first layer,gap,True,0.0,10.0,eddycus:cfg414f073a,eddycus:defa1a267c9,4;7;8;12,0,101.0,451.0,45481.0,2023-08-16T11:08:06,90.0
scan_00344,scan_00344.h5,True,"S13131 P3,3A 7,3 MHz","S13131P3,3A7,3MHz",HP-U300/122C,HT 50K,[45/90],0.6,[45/90] Degree fiber orientation with 10 mm gap in first layer,gap,True,0.0,10.0,eddycus:cfg414f073a,eddycus:defa1a267c9,4;7;8;12,0,101.0,451.0,45466.0,2023-08-16T10:41:01,90.0
scan_00345,scan_00345.h5,True,"S13131 P3,3A 7,3 MHz","S13131P3,3A7,3MHz",HP-U300/122C,HT 50K,[45/90],0.6,[45/90] Degree fiber orientation with 15 mm gap in first layer,gap,True,0.0,15.0,eddycus:cfgc4f04542,eddycus:defea81d923,4;7;8;12,0,101.0,451.0,45492.0,2023-08-16T14:04:32,90.0
scan_00346,scan_00346.h5,True,"S13131 P3,3A 7,3 MHz","S13131P3,3A7,3MHz",HP-U300/122C,HT 50K,[45/90],0.6,[45/90] Degree fiber orientation with 15 mm gap in first layer,gap,True,0.0,15.0,eddycus:cfgc4f04542,eddycus:defea81d923,4;7;8;12,0,101.0,451.0,45489.0,2023-08-16T13:51:28,90.0
scan_00347,scan_00347.h5,True,"S13131 P3,3A 7,3 MHz","S13131P3,3A7,3MHz",HP-U300/122C,HT 50K,[45/90],0.6,[45/90] Degree fiber orientation with 15 mm gap in first layer,gap,True,0.0,15.0,eddycus:cfgc4f04542,eddycus:defea81d923,4;7;8;12,0,101.0,451.0,45468.0,2023-08-16T13:24:21,90.0
scan_00348,scan_00348.h5,True,"S13131 P3,3A 7,3 MHz","S13131P3,3A7,3MHz",HP-U300/122C,HT 50K,[45/90],0.6,[45/90] Degree fiber orientation with 20 mm gap in first layer,gap,True,0.0,20.0,eddycus:cfgd5048805,eddycus:defed560952,4;7;8;12,0,101.0,451.0,45451.0,2023-08-17T10:03:45,90.0
scan_00349,scan_00349.h5,True,"S13131 P3,3A 7,3 MHz","S13131P3,3A7,3MHz",HP-U300/122C,HT 50K,[45/90],0.6,[45/90] Degree fiber orientation with 20 mm gap in first layer,gap,True,0.0,20.0,eddycus:cfgd5048805,eddycus:defed560952,4;7;8;12,0,101.0,451.0,45467.0,2023-08-17T09:37:26,90.0
scan_00350,scan_00350.h5,True,"S13131 P3,3A 7,3 MHz","S13131P3,3A7,3MHz",HP-U300/122C,HT 50K,[45/90],0.6,[45/90] Degree fiber orientation with 20 mm gap in first layer,gap,True,0.0,20.0,eddycus:cfgd5048805,eddycus:defed560952,4;7;8;12,0,101.0,451.0,45479.0,2023-08-17T08:58:31,90.0
scan_00351,scan_00351.h5,True,"S13131 P3,3A 7,3 MHz","S13131P3,3A7,3MHz",HP-U300/122C,HT 50K,[45/90],0.6,[45/90] Degree fiber orientation with 25 mm gap in first layer,gap,True,0.0,25.0,eddycus:cfgca2e8647,eddycus:def9e458ba2,4;7;8;12,0,101.0,451.0,45467.0,2023-08-17T12:48:31,90.0
scan_00352,scan_00352.h5,True,"S13131 P3,3A 7,3 MHz","S13131P3,3A7,3MHz",HP-U300/122C,HT 50K,[45/90],0.6,[45/90] Degree fiber orientation with 25 mm gap in first layer,gap,True,0.0,25.0,eddycus:cfgca2e8647,eddycus:def9e458ba2,4;7;8;12,0,101.0,451.0,45476.0,2023-08-17T12:35:04,90.0
scan_00353,scan_00353.h5,True,"S13131 P3,3A 7,3 MHz","S13131P3,3A7,3MHz",HP-U300/122C,HT 50K,[45/90],0.6,[45/90] Degree fiber orientation with 25 mm gap in first layer,gap,True,0.0,25.0,eddycus:cfgca2e8647,eddycus:def9e458ba2,4;7;8;12,0,101.0,451.0,45478.0,2023-08-17T11:37:50,90.0
scan_00354,scan_00354.h5,True,"S13131 P3,3A 7,3 MHz","S13131P3,3A7,3MHz",HP-U300/122C,HT 50K,[45/90],0.6,[45/90] Degree fiber orientation with 30 mm gap in first layer,gap,True,0.0,30.0,eddycus:cfg9caadd29,eddycus:def8149febc,4;7;8;12,0,101.0,451.0,45452.0,2023-08-18T10:27:32,90.0
scan_00355,scan_00355.h5,True,"S13131 P3,3A 7,3 MHz","S13131P3,3A7,3MHz",HP-U300/122C,HT 50K,[45/90],0.6,[45/90] Degree fiber orientation with 30 mm gap in first layer,gap,True,0.0,30.0,eddycus:cfg9caadd29,eddycus:def8149febc,4;7;8;12,0,101.0,450.0,45450.0,2023-08-18T10:01:58,90.0
scan_00356,scan_00356.h5,True,"S13131 P3,3A 7,3 MHz","S13131P3,3A7,3MHz",HP-U300/122C,HT 50K,[45/90],0.6,[45/90] Degree fiber orientation with 30 mm gap in first layer,gap,True,0.0,30.0,eddycus:cfg9caadd29,eddycus:def8149febc,4;7;8;12,0,101.0,450.0,45450.0,2023-08-18T09:36:29,90.0
scan_00357,scan_00357.h5,True,"S13131 P3,3A 7,3 MHz","S13131P3,3A7,3MHz",HP-U300/122C,HT 50K,[45/90],0.6,[45/90] Degree fiber orientation with 10 mm gap in second layer,gap,True,0.3,10.0,eddycus:cfg05f0be6c,eddycus:def9d317128,4;7;8;12,0,101.0,451.0,45471.0,2023-08-16T12:43:06,90.0
scan_00358,scan_00358.h5,True,"S13131 P3,3A 7,3 MHz","S13131P3,3A7,3MHz",HP-U300/122C,HT 50K,[45/90],0.6,[45/90] Degree fiber orientation with 10 mm gap in second layer,gap,True,0.3,10.0,eddycus:cfg05f0be6c,eddycus:def9d317128,4;7;8;12,0,101.0,451.0,45461.0,2023-08-16T12:29:12,90.0
scan_00359,scan_00359.h5,True,"S13131 P3,3A 7,3 MHz","S13131P3,3A7,3MHz",HP-U300/122C,HT 50K,[45/90],0.6,[45/90] Degree fiber orientation with 10 mm gap in second layer,gap,True,0.3,10.0,eddycus:cfg05f0be6c,eddycus:def9d317128,4;7;8;12,0,101.0,451.0,45490.0,2023-08-16T12:02:55,90.0
scan_00360,scan_00360.h5,True,"S13131 P3,3A 7,3 MHz","S13131P3,3A7,3MHz",HP-U300/122C,HT 50K,[45/90],0.6,[45/90] Degree fiber orientation with 15 mm gap in second layer,gap,True,0.3,15.0,eddycus:cfg54dfe800,eddycus:defb1bb3889,4;7;8;12,0,101.0,451.0,45477.0,2023-08-17T08:44:46,90.0
scan_00361,scan_00361.h5,True,"S13131 P3,3A 7,3 MHz","S13131P3,3A7,3MHz",HP-U300/122C,HT 50K,[45/90],0.6,[45/90] Degree fiber orientation with 15 mm gap in second layer,gap,True,0.3,15.0,eddycus:cfg54dfe800,eddycus:defb1bb3889,4;7;8;12,0,101.0,451.0,45467.0,2023-08-16T15:08:09,90.0
scan_00362,scan_00362.h5,True,"S13131 P3,3A 7,3 MHz","S13131P3,3A7,3MHz",HP-U300/122C,HT 50K,[45/90],0.6,[45/90] Degree fiber orientation with 15 mm gap in second layer,gap,True,0.3,15.0,eddycus:cfg54dfe800,eddycus:defb1bb3889,4;7;8;12,0,101.0,451.0,45455.0,2023-08-16T14:30:40,90.0
scan_00363,scan_00363.h5,True,"S13131 P3,3A 7,3 MHz","S13131P3,3A7,3MHz",HP-U300/122C,HT 50K,[45/90],0.6,[45/90] Degree fiber orientation with 20 mm gap in second layer,gap,True,0.3,20.0,eddycus:cfgdce0a6d6,eddycus:def886c6770,4;7;8;12,0,101.0,451.0,45482.0,2023-08-17T12:04:40,90.0
scan_00364,scan_00364.h5,True,"S13131 P3,3A 7,3 MHz","S13131P3,3A7,3MHz",HP-U300/122C,HT 50K,[45/90],0.6,[45/90] Degree fiber orientation with 20 mm gap in second layer,gap,True,0.3,20.0,eddycus:cfgdce0a6d6,eddycus:def886c6770,4;7;8;12,0,101.0,451.0,45463.0,2023-08-17T10:43:08,90.0
scan_00365,scan_00365.h5,True,"S13131 P3,3A 7,3 MHz","S13131P3,3A7,3MHz",HP-U300/122C,HT 50K,[45/90],0.6,[45/90] Degree fiber orientation with 20 mm gap in second layer,gap,True,0.3,20.0,eddycus:cfgdce0a6d6,eddycus:def886c6770,4;7;8;12,0,101.0,451.0,45477.0,2023-08-17T10:29:48,90.0
scan_00366,scan_00366.h5,True,"S13131 P3,3A 7,3 MHz","S13131P3,3A7,3MHz",HP-U300/122C,HT 50K,[45/90],0.6,[45/90] Degree fiber orientation with 25 mm gap in second layer,gap,True,0.3,25.0,eddycus:cfgb6ab6f10,eddycus:def4d3fad6c,4;7;8;12,0,101.0,450.0,45450.0,2023-08-17T14:05:36,90.0
scan_00367,scan_00367.h5,True,"S13131 P3,3A 7,3 MHz","S13131P3,3A7,3MHz",HP-U300/122C,HT 50K,[45/90],0.6,[45/90] Degree fiber orientation with 25 mm gap in second layer,gap,True,0.3,25.0,eddycus:cfgb6ab6f10,eddycus:def4d3fad6c,4;7;8;12,0,101.0,451.0,45451.0,2023-08-17T13:52:40,90.0
scan_00368,scan_00368.h5,True,"S13131 P3,3A 7,3 MHz","S13131P3,3A7,3MHz",HP-U300/122C,HT 50K,[45/90],0.6,[45/90] Degree fiber orientation with 25 mm gap in second layer,gap,True,0.3,25.0,eddycus:cfgb6ab6f10,eddycus:def4d3fad6c,4;7;8;12,0,101.0,450.0,45450.0,2023-08-17T13:27:14,90.0
scan_00369,scan_00369.h5,True,"S13131 P3,3A 7,3 MHz","S13131P3,3A7,3MHz",HP-U300/122C,HT 50K,[45/90],0.6,[45/90] Degree fiber orientation with 30 mm gap in second layer,gap,True,0.3,30.0,eddycus:cfg0f37abb7,eddycus:def73a7dacb,4;7;8;12,0,101.0,451.0,45474.0,2023-08-18T09:10:52,90.0
scan_00370,scan_00370.h5,True,"S13131 P3,3A 7,3 MHz","S13131P3,3A7,3MHz",HP-U300/122C,HT 50K,[45/90],0.6,[45/90] Degree fiber orientation with 30 mm gap in second layer,gap,True,0.3,30.0,eddycus:cfg0f37abb7,eddycus:def73a7dacb,4;7;8;12,0,101.0,450.0,45450.0,2023-08-18T08:45:10,90.0
scan_00371,scan_00371.h5,True,"S13131 P3,3A 7,3 MHz","S13131P3,3A7,3MHz",HP-U300/122C,HT 50K,[45/90],0.6,[45/90] Degree fiber orientation with 30 mm gap in second layer,gap,True,0.3,30.0,eddycus:cfg0f37abb7,eddycus:def73a7dacb,4;7;8;12,0,101.0,451.0,45461.0,2023-08-18T08:19:41,90.0
scan_00372,scan_00372.h5,True,"S13131 P3,3A 7,3 MHz","S13131P3,3A7,3MHz",HP-U300/122C,HT 50K,[45/90],0.6,[45/90] Degree fiber orientation with 0 mm gap in first layer,gap,True,0.0,0.0,eddycus:cfg18100ce1,eddycus:defefc10f68,4;7;8;12,0,101.0,451.0,45451.0,2023-08-18T10:52:42,90.0
scan_00373,scan_00373.h5,True,"S13131 P3,3A 7,3 MHz","S13131P3,3A7,3MHz",HP-U300/122C,HT 50K,[45/90],0.6,[45/90] Degree fiber orientation with 0 mm gap in first layer,gap,True,0.0,0.0,eddycus:cfg18100ce1,eddycus:defefc10f68,4;7;8;12,0,101.0,451.0,45454.0,2023-08-18T11:17:37,90.0
scan_00374,scan_00374.h5,True,"S13131 P3,3A 7,3 MHz","S13131P3,3A7,3MHz",HP-U300/122C,HT 50K,[45/90],0.6,[45/90] Degree fiber orientation with 0 mm gap in first layer,gap,True,0.0,0.0,eddycus:cfg18100ce1,eddycus:defefc10f68,4;7;8;12,0,101.0,451.0,45453.0,2023-08-18T11:54:17,90.0
scan_00375,scan_00375.h5,True,"S13131 P3,3A 7,3 MHz","S13131P3,3A7,3MHz",HP-U300/122C,HT 50K,[90/0],0.6,[90/0] Degree fiber orientation with 10 mm gap in first layer,gap,True,0.0,10.0,eddycus:cfg0ac9691e,eddycus:defac66f738,4;7;8;12,0,101.0,451.0,45451.0,2023-08-15T09:59:55,90.0
scan_00376,scan_00376.h5,True,"S13131 P3,3A 7,3 MHz","S13131P3,3A7,3MHz",HP-U300/122C,HT 50K,[90/0],0.6,[90/0] Degree fiber orientation with 10 mm gap in first layer,gap,True,0.0,10.0,eddycus:cfg0ac9691e,eddycus:defac66f738,4;7;8;12,0,101.0,451.0,45501.0,2023-08-15T10:26:52,90.0
scan_00377,scan_00377.h5,True,"S13131 P3,3A 7,3 MHz","S13131P3,3A7,3MHz",HP-U300/122C,HT 50K,[90/0],0.6,[90/0] Degree fiber orientation with 10 mm gap in first layer,gap,True,0.0,10.0,eddycus:cfg0ac9691e,eddycus:defac66f738,4;7;8;12,0,101.0,451.0,45453.0,2023-08-15T10:58:43,90.0
scan_00378,scan_00378.h5,True,"S13131 P3,3A 7,3 MHz","S13131P3,3A7,3MHz",HP-U300/122C,HT 50K,[90/0],0.6,[90/0] Degree fiber orientation with 15 mm gap in first layer,gap,True,0.0,15.0,eddycus:cfg9579df00,eddycus:def758a5500,4;7;8;12,0,101.0,451.0,45501.0,2023-08-15T11:24:16,90.0
scan_00379,scan_00379.h5,True,"S13131 P3,3A 7,3 MHz","S13131P3,3A7,3MHz",HP-U300/122C,HT 50K,[90/0],0.6,[90/0] Degree fiber orientation with 15 mm gap in first layer,gap,True,0.0,15.0,eddycus:cfg9579df00,eddycus:def758a5500,4;7;8;12,0,101.0,451.0,45507.0,2023-08-15T12:09:05,90.0
scan_00380,scan_00380.h5,True,"S13131 P3,3A 7,3 MHz","S13131P3,3A7,3MHz",HP-U300/122C,HT 50K,[90/0],0.6,[90/0] Degree fiber orientation with 15 mm gap in first layer,gap,True,0.0,15.0,eddycus:cfg9579df00,eddycus:def758a5500,4;7;8;12,0,101.0,451.0,45451.0,2023-08-15T12:34:49,90.0
scan_00381,scan_00381.h5,True,"S13131 P3,3A 7,3 MHz","S13131P3,3A7,3MHz",HP-U300/122C,HT 50K,[90/0],0.6,[90/0] Degree fiber orientation with 20 mm gap in first layer,gap,True,0.0,20.0,eddycus:cfg8790dddb,eddycus:def93895dc3,4;7;8;12,0,101.0,451.0,45468.0,2023-08-15T13:00:27,90.0
scan_00382,scan_00382.h5,True,"S13131 P3,3A 7,3 MHz","S13131P3,3A7,3MHz",HP-U300/122C,HT 50K,[90/0],0.6,[90/0] Degree fiber orientation with 20 mm gap in first layer,gap,True,0.0,20.0,eddycus:cfg8790dddb,eddycus:def93895dc3,4;7;8;12,0,101.0,450.0,45450.0,2023-08-15T13:26:19,90.0
scan_00383,scan_00383.h5,True,"S13131 P3,3A 7,3 MHz","S13131P3,3A7,3MHz",HP-U300/122C,HT 50K,[90/0],0.6,[90/0] Degree fiber orientation with 20 mm gap in first layer,gap,True,0.0,20.0,eddycus:cfg8790dddb,eddycus:def93895dc3,4;7;8;12,0,101.0,451.0,45470.0,2023-08-15T13:53:38,90.0
scan_00384,scan_00384.h5,True,"S13131 P3,3A 7,3 MHz","S13131P3,3A7,3MHz",HP-U300/122C,HT 50K,[90/0],0.6,[90/0] Degree fiber orientation with 25 mm gap in first layer,gap,True,0.0,25.0,eddycus:cfg6c9f5186,eddycus:def2c545343,4;7;8;12,0,101.0,450.0,45450.0,2023-08-15T14:19:51,90.0
scan_00385,scan_00385.h5,True,"S13131 P3,3A 7,3 MHz","S13131P3,3A7,3MHz",HP-U300/122C,HT 50K,[90/0],0.6,[90/0] Degree fiber orientation with 25 mm gap in first layer,gap,True,0.0,25.0,eddycus:cfg6c9f5186,eddycus:def2c545343,4;7;8;12,0,101.0,451.0,45500.0,2023-08-15T14:45:24,90.0
scan_00386,scan_00386.h5,True,"S13131 P3,3A 7,3 MHz","S13131P3,3A7,3MHz",HP-U300/122C,HT 50K,[90/0],0.6,[90/0] Degree fiber orientation with 25 mm gap in first layer,gap,True,0.0,25.0,eddycus:cfg6c9f5186,eddycus:def2c545343,4;7;8;12,0,101.0,451.0,45451.0,2023-08-15T15:11:24,90.0
scan_00387,scan_00387.h5,True,"S13131 P3,3A 7,3 MHz","S13131P3,3A7,3MHz",HP-U300/122C,HT 50K,[90/0],0.6,[90/0] Degree fiber orientation with 30 mm gap in first layer,gap,True,0.0,30.0,eddycus:cfg814b83f9,eddycus:def3c566448,4;7;8;12,0,101.0,451.0,45450.0,2023-08-16T09:06:22,90.0
scan_00388,scan_00388.h5,True,"S13131 P3,3A 7,3 MHz","S13131P3,3A7,3MHz",HP-U300/122C,HT 50K,[90/0],0.6,[90/0] Degree fiber orientation with 30 mm gap in first layer,gap,True,0.0,30.0,eddycus:cfg814b83f9,eddycus:def3c566448,4;7;8;12,0,101.0,451.0,45491.0,2023-08-16T09:33:34,90.0
scan_00389,scan_00389.h5,True,"S13131 P3,3A 7,3 MHz","S13131P3,3A7,3MHz",HP-U300/122C,HT 50K,[90/0],0.6,[90/0] Degree fiber orientation with 30 mm gap in first layer,gap,True,0.0,30.0,eddycus:cfg814b83f9,eddycus:def3c566448,4;7;8;12,0,101.0,451.0,45475.0,2023-08-16T09:59:38,90.0
scan_00390,scan_00390.h5,True,"S13131 P3,3A 7,3 MHz","S13131P3,3A7,3MHz",HP-U300/122C,HT 50K,[90/0],0.6,[90/0] Degree fiber orientation with 0 mm gap in first layer,gap,True,0.0,0.0,eddycus:cfg8e148bda,eddycus:defc000a57d,4;7;8;12,0,101.0,451.0,45466.0,2023-08-11T13:43:29,90.0
scan_00391,scan_00391.h5,True,"S13131 P3,3A 7,3 MHz","S13131P3,3A7,3MHz",HP-U300/122C,HT 50K,[90/0],0.6,[90/0] Degree fiber orientation with 0 mm gap in first layer,gap,True,0.0,0.0,eddycus:cfg8e148bda,eddycus:defc000a57d,4;7;8;12,0,101.0,451.0,45471.0,2023-08-11T14:08:37,90.0
scan_00392,scan_00392.h5,True,"S13131 P3,3A 7,3 MHz","S13131P3,3A7,3MHz",HP-U300/122C,HT 50K,[90/0],0.6,[90/0] Degree fiber orientation with 0 mm gap in first layer,gap,True,0.0,0.0,eddycus:cfg8e148bda,eddycus:defc000a57d,4;7;8;12,0,101.0,451.0,45461.0,2023-08-15T09:46:38,90.0
scan_00393,scan_00393.h5,True,"S13131 P3,3A 7,3 MHz","S13131P3,3A7,3MHz",HP-U300/122C,HT 50K,[90/45],0.6,[90/45] Degree fiber orientation with 10 mm gap in first layer,gap,True,0.0,10.0,eddycus:cfg4f94a084,eddycus:def1aa74720,4;7;8;12,0,101.0,451.0,45481.0,2023-08-16T12:56:57,90.0
scan_00394,scan_00394.h5,True,"S13131 P3,3A 7,3 MHz","S13131P3,3A7,3MHz",HP-U300/122C,HT 50K,[90/45],0.6,[90/45] Degree fiber orientation with 10 mm gap in first layer,gap,True,0.0,10.0,eddycus:cfg4f94a084,eddycus:def1aa74720,4;7;8;12,0,101.0,451.0,45503.0,2023-08-16T12:16:44,90.0
scan_00395,scan_00395.h5,True,"S13131 P3,3A 7,3 MHz","S13131P3,3A7,3MHz",HP-U300/122C,HT 50K,[90/45],0.6,[90/45] Degree fiber orientation with 10 mm gap in first layer,gap,True,0.0,10.0,eddycus:cfg4f94a084,eddycus:def1aa74720,4;7;8;12,0,101.0,451.0,45466.0,2023-08-16T11:50:15,90.0
scan_00396,scan_00396.h5,True,"S13131 P3,3A 7,3 MHz","S13131P3,3A7,3MHz",HP-U300/122C,HT 50K,[90/45],0.6,[90/45] Degree fiber orientation with 15 mm gap in first layer,gap,True,0.0,15.0,eddycus:cfg5b5bb499,eddycus:def299504c3,4;7;8;12,0,101.0,451.0,45462.0,2023-08-17T08:32:06,90.0
scan_00397,scan_00397.h5,True,"S13131 P3,3A 7,3 MHz","S13131P3,3A7,3MHz",HP-U300/122C,HT 50K,[90/45],0.6,[90/45] Degree fiber orientation with 15 mm gap in first layer,gap,True,0.0,15.0,eddycus:cfg5b5bb499,eddycus:def299504c3,4;7;8;12,0,101.0,451.0,45477.0,2023-08-16T14:56:05,90.0
scan_00398,scan_00398.h5,True,"S13131 P3,3A 7,3 MHz","S13131P3,3A7,3MHz",HP-U300/122C,HT 50K,[90/45],0.6,[90/45] Degree fiber orientation with 15 mm gap in first layer,gap,True,0.0,15.0,eddycus:cfg5b5bb499,eddycus:def299504c3,4;7;8;12,0,101.0,451.0,45490.0,2023-08-16T14:43:19,90.0
scan_00399,scan_00399.h5,True,"S13131 P3,3A 7,3 MHz","S13131P3,3A7,3MHz",HP-U300/122C,HT 50K,[90/45],0.6,[90/45] Degree fiber orientation with 20 mm gap in first layer,gap,True,0.0,20.0,eddycus:cfgf21c18b7,eddycus:def930ad50f,4;7;8;12,0,101.0,451.0,45466.0,2023-08-17T11:10:17,90.0
scan_00400,scan_00400.h5,True,"S13131 P3,3A 7,3 MHz","S13131P3,3A7,3MHz",HP-U300/122C,HT 50K,[90/45],0.6,[90/45] Degree fiber orientation with 20 mm gap in first layer,gap,True,0.0,20.0,eddycus:cfgf21c18b7,eddycus:def930ad50f,4;7;8;12,0,101.0,451.0,45462.0,2023-08-17T10:56:12,90.0
scan_00401,scan_00401.h5,True,"S13131 P3,3A 7,3 MHz","S13131P3,3A7,3MHz",HP-U300/122C,HT 50K,[90/45],0.6,[90/45] Degree fiber orientation with 20 mm gap in first layer,gap,True,0.0,20.0,eddycus:cfgf21c18b7,eddycus:def930ad50f,4;7;8;12,0,101.0,451.0,45496.0,2023-08-17T10:16:59,90.0
scan_00402,scan_00402.h5,True,"S13131 P3,3A 7,3 MHz","S13131P3,3A7,3MHz",HP-U300/122C,HT 50K,[90/45],0.6,[90/45] Degree fiber orientation with 25 mm gap in first layer,gap,True,0.0,25.0,eddycus:cfg3d93d100,eddycus:def158bf391,4;7;8;12,0,101.0,451.0,45451.0,2023-08-17T14:17:40,90.0
scan_00403,scan_00403.h5,True,"S13131 P3,3A 7,3 MHz","S13131P3,3A7,3MHz",HP-U300/122C,HT 50K,[90/45],0.6,[90/45] Degree fiber orientation with 25 mm gap in first layer,gap,True,0.0,25.0,eddycus:cfg3d93d100,eddycus:def158bf391,4;7;8;12,0,101.0,450.0,45450.0,2023-08-17T13:40:21,90.0
scan_00404,scan_00404.h5,True,"S13131 P3,3A 7,3 MHz","S13131P3,3A7,3MHz",HP-U300/122C,HT 50K,[90/45],0.6,[90/45] Degree fiber orientation with 25 mm gap in first layer,gap,True,0.0,25.0,eddycus:cfg3d93d100,eddycus:def158bf391,4;7;8;12,0,101.0,451.0,45452.0,2023-08-17T13:14:29,90.0
scan_00405,scan_00405.h5,True,"S13131 P3,3A 7,3 MHz","S13131P3,3A7,3MHz",HP-U300/122C,HT 50K,[90/45],0.6,[90/45] Degree fiber orientation with 30 mm gap in first layer,gap,True,0.0,30.0,eddycus:cfg91248ae2,eddycus:def378251f8,4;7;8;12,0,101.0,451.0,45466.0,2023-08-18T09:23:48,90.0
scan_00406,scan_00406.h5,True,"S13131 P3,3A 7,3 MHz","S13131P3,3A7,3MHz",HP-U300/122C,HT 50K,[90/45],0.6,[90/45] Degree fiber orientation with 30 mm gap in first layer,gap,True,0.0,30.0,eddycus:cfg91248ae2,eddycus:def378251f8,4;7;8;12,0,101.0,451.0,45478.0,2023-08-18T08:57:51,90.0
scan_00407,scan_00407.h5,True,"S13131 P3,3A 7,3 MHz","S13131P3,3A7,3MHz",HP-U300/122C,HT 50K,[90/45],0.6,[90/45] Degree fiber orientation with 30 mm gap in first layer,gap,True,0.0,30.0,eddycus:cfg91248ae2,eddycus:def378251f8,4;7;8;12,0,101.0,451.0,45451.0,2023-08-18T08:32:08,90.0
scan_00408,scan_00408.h5,True,"S13131 P3,3A 7,3 MHz","S13131P3,3A7,3MHz",HP-U300/122C,HT 50K,[90/45],0.6,[90/45] Degree fiber orientation with 10 mm gap in second layer,gap,True,0.3,10.0,eddycus:cfge8ab1723,eddycus:def150fe2ce,4;7;8;12,0,101.0,451.0,45465.0,2023-08-16T11:36:37,90.0
scan_00409,scan_00409.h5,True,"S13131 P3,3A 7,3 MHz","S13131P3,3A7,3MHz",HP-U300/122C,HT 50K,[90/45],0.6,[90/45] Degree fiber orientation with 10 mm gap in second layer,gap,True,0.3,10.0,eddycus:cfge8ab1723,eddycus:def150fe2ce,4;7;8;12,0,101.0,451.0,45459.0,2023-08-16T10:54:14,90.0
scan_00410,scan_00410.h5,True,"S13131 P3,3A 7,3 MHz","S13131P3,3A7,3MHz",HP-U300/122C,HT 50K,[90/45],0.6,[90/45] Degree fiber orientation with 10 mm gap in second layer,gap,True,0.3,10.0,eddycus:cfge8ab1723,eddycus:def150fe2ce,4;7;8;12,0,101.0,451.0,45467.0,2023-08-16T10:26:05,90.0
scan_00411,scan_00411.h5,True,"S13131 P3,3A 7,3 MHz","S13131P3,3A7,3MHz",HP-U300/122C,HT 50K,[90/45],0.6,[90/45] Degree fiber orientation with 15 mm gap in second layer,gap,True,0.3,15.0,eddycus:cfg37727a98,eddycus:def0a6d342d,4;7;8;12,0,101.0,451.0,45451.0,2023-08-16T14:17:40,90.0
scan_00412,scan_00412.h5,True,"S13131 P3,3A 7,3 MHz","S13131P3,3A7,3MHz",HP-U300/122C,HT 50K,[90/45],0.6,[90/45] Degree fiber orientation with 15 mm gap in second layer,gap,True,0.3,15.0,eddycus:cfg37727a98,eddycus:def0a6d342d,4;7;8;12,0,101.0,451.0,45519.0,2023-08-16T13:39:04,90.0
scan_00413,scan_00413.h5,True,"S13131 P3,3A 7,3 MHz","S13131P3,3A7,3MHz",HP-U300/122C,HT 50K,[90/45],0.6,[90/45] Degree fiber orientation with 15 mm gap in second layer,gap,True,0.3,15.0,eddycus:cfg37727a98,eddycus:def0a6d342d,4;7;8;12,0,101.0,451.0,45464.0,2023-08-16T13:11:16,90.0
scan_00414,scan_00414.h5,True,"S13131 P3,3A 7,3 MHz","S13131P3,3A7,3MHz",HP-U300/122C,HT 50K,[90/45],0.6,[90/45] Degree fiber orientation with 20 mm gap in second layer,gap,True,0.3,20.0,eddycus:cfg0e144177,eddycus:def277665a3,4;7;8;12,0,101.0,451.0,45516.0,2023-08-17T09:51:22,90.0
scan_00415,scan_00415.h5,True,"S13131 P3,3A 7,3 MHz","S13131P3,3A7,3MHz",HP-U300/122C,HT 50K,[90/45],0.6,[90/45] Degree fiber orientation with 20 mm gap in second layer,gap,True,0.3,20.0,eddycus:cfg0e144177,eddycus:def277665a3,4;7;8;12,0,101.0,451.0,45454.0,2023-08-17T09:24:22,90.0
scan_00416,scan_00416.h5,True,"S13131 P3,3A 7,3 MHz","S13131P3,3A7,3MHz",HP-U300/122C,HT 50K,[90/45],0.6,[90/45] Degree fiber orientation with 20 mm gap in second layer,gap,True,0.3,20.0,eddycus:cfg0e144177,eddycus:def277665a3,4;7;8;12,0,101.0,451.0,45469.0,2023-08-17T09:10:55,90.0
scan_00417,scan_00417.h5,True,"S13131 P3,3A 7,3 MHz","S13131P3,3A7,3MHz",HP-U300/122C,HT 50K,[90/45],0.6,[90/45] Degree fiber orientation with 25 mm gap in second layer,gap,True,0.3,25.0,eddycus:cfg9d464917,eddycus:defbd57e629,4;7;8;12,0,101.0,451.0,45492.0,2023-08-17T13:01:36,90.0
scan_00418,scan_00418.h5,True,"S13131 P3,3A 7,3 MHz","S13131P3,3A7,3MHz",HP-U300/122C,HT 50K,[90/45],0.6,[90/45] Degree fiber orientation with 25 mm gap in second layer,gap,True,0.3,25.0,eddycus:cfg9d464917,eddycus:defbd57e629,4;7;8;12,0,101.0,451.0,45463.0,2023-08-17T12:22:03,90.0
scan_00419,scan_00419.h5,True,"S13131 P3,3A 7,3 MHz","S13131P3,3A7,3MHz",HP-U300/122C,HT 50K,[90/45],0.6,[90/45] Degree fiber orientation with 25 mm gap in second layer,gap,True,0.3,25.0,eddycus:cfg9d464917,eddycus:defbd57e629,4;7;8;12,0,101.0,451.0,45511.0,2023-08-17T11:24:05,90.0
scan_00420,scan_00420.h5,True,"S13131 P3,3A 7,3 MHz","S13131P3,3A7,3MHz",HP-U300/122C,HT 50K,[90/45],0.6,[90/45] Degree fiber orientation with 30 mm gap in second layer,gap,True,0.3,30.0,eddycus:cfg1ed9a666,eddycus:def1b5f4353,4;7;8;12,0,101.0,451.0,45457.0,2023-08-18T10:40:05,90.0
scan_00421,scan_00421.h5,True,"S13131 P3,3A 7,3 MHz","S13131P3,3A7,3MHz",HP-U300/122C,HT 50K,[90/45],0.6,[90/45] Degree fiber orientation with 30 mm gap in second layer,gap,True,0.3,30.0,eddycus:cfg1ed9a666,eddycus:def1b5f4353,4;7;8;12,0,101.0,451.0,45470.0,2023-08-18T10:14:17,90.0
scan_00422,scan_00422.h5,True,"S13131 P3,3A 7,3 MHz","S13131P3,3A7,3MHz",HP-U300/122C,HT 50K,[90/45],0.6,[90/45] Degree fiber orientation with 30 mm gap in second layer,gap,True,0.3,30.0,eddycus:cfg1ed9a666,eddycus:def1b5f4353,4;7;8;12,0,101.0,451.0,45486.0,2023-08-18T09:49:09,90.0
scan_00423,scan_00423.h5,True,"S13131 P3,3A 7,3 MHz","S13131P3,3A7,3MHz",HP-U300/122C,HT 50K,[90/45],0.6,[90/45] Degree fiber orientation with 0 mm gap in first layer,gap,True,0.0,0.0,eddycus:cfg99d4eeac,eddycus:def2201dace,4;7;8;12,0,101.0,451.0,45453.0,2023-08-18T11:04:39,90.0
scan_00424,scan_00424.h5,True,"S13131 P3,3A 7,3 MHz","S13131P3,3A7,3MHz",HP-U300/122C,HT 50K,[90/45],0.6,[90/45] Degree fiber orientation with 0 mm gap in first layer,gap,True,0.0,0.0,eddycus:cfg99d4eeac,eddycus:def2201dace,4;7;8;12,0,101.0,451.0,45465.0,2023-08-18T11:29:31,90.0
scan_00425,scan_00425.h5,True,"S13131 P3,3A 7,3 MHz","S13131P3,3A7,3MHz",HP-U300/122C,HT 50K,[90/45],0.6,[90/45] Degree fiber orientation with 0 mm gap in first layer,gap,True,0.0,0.0,eddycus:cfg99d4eeac,eddycus:def2201dace,4;7;8;12,0,101.0,451.0,45451.0,2023-08-18T11:42:00,90.0
scan_00426,scan_00426.h5,True,"S13131 P3,3A 7,3 MHz","S13131P3,3A7,3MHz",HP-U300/122C,HT 50K,[90/90],0.6,[90/90] Degree fiber orientation with 10 mm gap in first layer,gap,True,0.0,10.0,eddycus:cfg185141d3,eddycus:def6cd4e746,4;7;8;12,0,101.0,451.0,45479.0,2023-08-11T10:55:19,90.0
scan_00427,scan_00427.h5,True,"S13131 P3,3A 7,3 MHz","S13131P3,3A7,3MHz",HP-U300/122C,HT 50K,[90/90],0.6,[90/90] Degree fiber orientation with 10 mm gap in first layer,gap,True,0.0,10.0,eddycus:cfg185141d3,eddycus:def6cd4e746,4;7;8;12,0,101.0,451.0,45468.0,2023-08-11T10:29:36,90.0
scan_00428,scan_00428.h5,True,"S13131 P3,3A 7,3 MHz","S13131P3,3A7,3MHz",HP-U300/122C,HT 50K,[90/90],0.6,[90/90] Degree fiber orientation with 10 mm gap in first layer,gap,True,0.0,10.0,eddycus:cfg185141d3,eddycus:def6cd4e746,4;7;8;12,0,101.0,451.0,45464.0,2023-08-11T11:21:06,90.0
scan_00429,scan_00429.h5,True,"S13131 P3,3A 7,3 MHz","S13131P3,3A7,3MHz",HP-U300/122C,HT 50K,[90/90],0.6,[90/90] Degree fiber orientation with 15 mm gap in first layer,gap,True,0.0,15.0,eddycus:cfg199fdf66,eddycus:def080fd20b,4;7;8;12,0,101.0,451.0,45461.0,2023-08-11T13:02:42,90.0
scan_00430,scan_00430.h5,True,"S13131 P3,3A 7,3 MHz","S13131P3,3A7,3MHz",HP-U300/122C,HT 50K,[90/90],0.6,[90/90] Degree fiber orientation with 15 mm gap in first layer,gap,True,0.0,15.0,eddycus:cfg199fdf66,eddycus:def080fd20b,4;7;8;12,0,101.0,451.0,45475.0,2023-08-11T12:14:25,90.0
scan_00431,scan_00431.h5,True,"S13131 P3,3A 7,3 MHz","S13131P3,3A7,3MHz",HP-U300/122C,HT 50K,[90/90],0.6,[90/90] Degree fiber orientation with 15 mm gap in first layer,gap,True,0.0,15.0,eddycus:cfg199fdf66,eddycus:def080fd20b,4;7;8;12,0,101.0,451.0,45457.0,2023-08-11T11:47:10,90.0
scan_00432,scan_00432.h5,True,"S13131 P3,3A 7,3 MHz","S13131P3,3A7,3MHz",HP-U300/122C,HT 50K,[90/90],0.6,[90/90] Degree fiber orientation with 20 mm gap in first layer,gap,True,0.0,20.0,eddycus:cfg7c2bb659,eddycus:def8f45fc8e,4;7;8;12,0,101.0,451.0,45478.0,2023-08-11T10:02:42,90.0
scan_00433,scan_00433.h5,True,"S13131 P3,3A 7,3 MHz","S13131P3,3A7,3MHz",HP-U300/122C,HT 50K,[90/90],0.6,[90/90] Degree fiber orientation with 20 mm gap in first layer,gap,True,0.0,20.0,eddycus:cfg7c2bb659,eddycus:def8f45fc8e,4;7;8;12,0,101.0,451.0,45477.0,2023-08-11T09:37:06,90.0
scan_00434,scan_00434.h5,True,"S13131 P3,3A 7,3 MHz","S13131P3,3A7,3MHz",HP-U300/122C,HT 50K,[90/90],0.6,[90/90] Degree fiber orientation with 20 mm gap in first layer,gap,True,0.0,20.0,eddycus:cfg7c2bb659,eddycus:def8f45fc8e,4;7;8;12,0,101.0,451.0,45479.0,2023-08-11T09:24:27,90.0
scan_00435,scan_00435.h5,True,"S13131 P3,3A 7,3 MHz","S13131P3,3A7,3MHz",HP-U300/122C,HT 50K,[90/90],0.6,[90/90] Degree fiber orientation with 25 mm gap in first layer,gap,True,0.0,25.0,eddycus:cfgf73ea869,eddycus:def8e474bcb,4;7;8;12,0,101.0,451.0,45486.0,2023-08-11T07:53:33,90.0
scan_00436,scan_00436.h5,True,"S13131 P3,3A 7,3 MHz","S13131P3,3A7,3MHz",HP-U300/122C,HT 50K,[90/90],0.6,[90/90] Degree fiber orientation with 25 mm gap in first layer,gap,True,0.0,25.0,eddycus:cfgf73ea869,eddycus:def8e474bcb,4;7;8;12,0,101.0,451.0,45473.0,2023-08-11T08:19:41,90.0
scan_00437,scan_00437.h5,True,"S13131 P3,3A 7,3 MHz","S13131P3,3A7,3MHz",HP-U300/122C,HT 50K,[90/90],0.6,[90/90] Degree fiber orientation with 25 mm gap in first layer,gap,True,0.0,25.0,eddycus:cfgf73ea869,eddycus:def8e474bcb,4;7;8;12,0,101.0,451.0,45460.0,2023-08-11T08:45:24,90.0
scan_00438,scan_00438.h5,True,"S13131 P3,3A 7,3 MHz","S13131P3,3A7,3MHz",HP-U300/122C,HT 50K,[90/90],0.6,[90/90] Degree fiber orientation with 30 mm gap in first layer,gap,True,0.0,30.0,eddycus:cfg6443c800,eddycus:def354ce7da,4;7;8;12,0,101.0,451.0,45459.0,2023-08-10T12:12:43,90.0
scan_00439,scan_00439.h5,True,"S13131 P3,3A 7,3 MHz","S13131P3,3A7,3MHz",HP-U300/122C,HT 50K,[90/90],0.6,[90/90] Degree fiber orientation with 30 mm gap in first layer,gap,True,0.0,30.0,eddycus:cfg6443c800,eddycus:def354ce7da,4;7;8;12,0,101.0,451.0,45482.0,2023-08-10T12:38:17,90.0
scan_00440,scan_00440.h5,True,"S13131 P3,3A 7,3 MHz","S13131P3,3A7,3MHz",HP-U300/122C,HT 50K,[90/90],0.6,[90/90] Degree fiber orientation with 30 mm gap in first layer,gap,True,0.0,30.0,eddycus:cfg6443c800,eddycus:def354ce7da,4;7;8;12,0,101.0,451.0,45463.0,2023-08-10T13:04:25,90.0
scan_00441,scan_00441.h5,True,"S13131 P3,3A 7,3 MHz","S13131P3,3A7,3MHz",HP-U300/122C,HT 50K,[90/90],0.6,[90/90] Degree fiber orientation with 10 mm gap in second layer,gap,True,0.3,10.0,eddycus:cfgb65980c7,eddycus:defbfb3e943,4;7;8;12,0,101.0,451.0,45476.0,2023-08-11T11:08:08,90.0
scan_00442,scan_00442.h5,True,"S13131 P3,3A 7,3 MHz","S13131P3,3A7,3MHz",HP-U300/122C,HT 50K,[90/90],0.6,[90/90] Degree fiber orientation with 10 mm gap in second layer,gap,True,0.3,10.0,eddycus:cfgb65980c7,eddycus:defbfb3e943,4;7;8;12,0,101.0,451.0,45475.0,2023-08-11T10:42:16,90.0
scan_00443,scan_00443.h5,True,"S13131 P3,3A 7,3 MHz","S13131P3,3A7,3MHz",HP-U300/122C,HT 50K,[90/90],0.6,[90/90] Degree fiber orientation with 10 mm gap in second layer,gap,True,0.3,10.0,eddycus:cfgb65980c7,eddycus:defbfb3e943,4;7;8;12,0,101.0,451.0,45457.0,2023-08-11T11:33:58,90.0
scan_00444,scan_00444.h5,True,"S13131 P3,3A 7,3 MHz","S13131P3,3A7,3MHz",HP-U300/122C,HT 50K,[90/90],0.6,[90/90] Degree fiber orientation with 15 mm gap in second layer,gap,True,0.3,15.0,eddycus:cfg7beba947,eddycus:defaf00586f,4;7;8;12,0,101.0,451.0,45478.0,2023-08-11T13:15:30,90.0
scan_00445,scan_00445.h5,True,"S13131 P3,3A 7,3 MHz","S13131P3,3A7,3MHz",HP-U300/122C,HT 50K,[90/90],0.6,[90/90] Degree fiber orientation with 15 mm gap in second layer,gap,True,0.3,15.0,eddycus:cfg7beba947,eddycus:defaf00586f,4;7;8;12,0,101.0,451.0,45483.0,2023-08-11T12:49:22,90.0
scan_00446,scan_00446.h5,True,"S13131 P3,3A 7,3 MHz","S13131P3,3A7,3MHz",HP-U300/122C,HT 50K,[90/90],0.6,[90/90] Degree fiber orientation with 15 mm gap in second layer,gap,True,0.3,15.0,eddycus:cfg7beba947,eddycus:defaf00586f,4;7;8;12,0,101.0,451.0,45463.0,2023-08-11T11:59:43,90.0
scan_00447,scan_00447.h5,True,"S13131 P3,3A 7,3 MHz","S13131P3,3A7,3MHz",HP-U300/122C,HT 50K,[90/90],0.6,[90/90] Degree fiber orientation with 20 mm gap in second layer,gap,True,0.3,20.0,eddycus:cfgfd0889ce,eddycus:def3659287f,4;7;8;12,0,101.0,451.0,45456.0,2023-08-11T10:16:02,90.0
scan_00448,scan_00448.h5,True,"S13131 P3,3A 7,3 MHz","S13131P3,3A7,3MHz",HP-U300/122C,HT 50K,[90/90],0.6,[90/90] Degree fiber orientation with 20 mm gap in second layer,gap,True,0.3,20.0,eddycus:cfgfd0889ce,eddycus:def3659287f,4;7;8;12,0,101.0,451.0,45493.0,2023-08-11T09:49:38,90.0
scan_00449,scan_00449.h5,True,"S13131 P3,3A 7,3 MHz","S13131P3,3A7,3MHz",HP-U300/122C,HT 50K,[90/90],0.6,[90/90] Degree fiber orientation with 20 mm gap in second layer,gap,True,0.3,20.0,eddycus:cfgfd0889ce,eddycus:def3659287f,4;7;8;12,0,101.0,451.0,45463.0,2023-08-11T09:12:07,90.0
scan_00450,scan_00450.h5,True,"S13131 P3,3A 7,3 MHz","S13131P3,3A7,3MHz",HP-U300/122C,HT 50K,[90/90],0.6,[90/90] Degree fiber orientation with 25 mm gap in second layer,gap,True,0.3,25.0,eddycus:cfgbdfdccdf,eddycus:def0672ca40,4;7;8;12,0,101.0,451.0,45469.0,2023-08-11T08:06:25,90.0
scan_00451,scan_00451.h5,True,"S13131 P3,3A 7,3 MHz","S13131P3,3A7,3MHz",HP-U300/122C,HT 50K,[90/90],0.6,[90/90] Degree fiber orientation with 25 mm gap in second layer,gap,True,0.3,25.0,eddycus:cfgbdfdccdf,eddycus:def0672ca40,4;7;8;12,0,101.0,451.0,45456.0,2023-08-11T08:32:08,90.0
scan_00452,scan_00452.h5,True,"S13131 P3,3A 7,3 MHz","S13131P3,3A7,3MHz",HP-U300/122C,HT 50K,[90/90],0.6,[90/90] Degree fiber orientation with 25 mm gap in second layer,gap,True,0.3,25.0,eddycus:cfgbdfdccdf,eddycus:def0672ca40,4;7;8;12,0,101.0,451.0,45475.0,2023-08-11T08:58:44,90.0
scan_00453,scan_00453.h5,True,"S13131 P3,3A 7,3 MHz","S13131P3,3A7,3MHz",HP-U300/122C,HT 50K,[90/90],0.6,[90/90] Degree fiber orientation with 30 mm gap in second layer,gap,True,0.3,30.0,eddycus:cfg21fd0235,eddycus:def4fec16dc,4;7;8;12,0,101.0,451.0,45469.0,2023-08-10T12:25:15,90.0
scan_00454,scan_00454.h5,True,"S13131 P3,3A 7,3 MHz","S13131P3,3A7,3MHz",HP-U300/122C,HT 50K,[90/90],0.6,[90/90] Degree fiber orientation with 30 mm gap in second layer,gap,True,0.3,30.0,eddycus:cfg21fd0235,eddycus:def4fec16dc,4;7;8;12,0,101.0,451.0,45460.0,2023-08-10T12:51:08,90.0
scan_00455,scan_00455.h5,True,"S13131 P3,3A 7,3 MHz","S13131P3,3A7,3MHz",HP-U300/122C,HT 50K,[90/90],0.6,[90/90] Degree fiber orientation with 30 mm gap in second layer,gap,True,0.3,30.0,eddycus:cfg21fd0235,eddycus:def4fec16dc,4;7;8;12,0,101.0,451.0,45463.0,2023-08-10T13:16:48,90.0
scan_00456,scan_00456.h5,True,"S13131 P3,3A 7,3 MHz","S13131P3,3A7,3MHz",HP-U300/122C,HT 50K,[90/90],0.6,[90/90] Degree fiber orientation with 0 mm gap in first layer,gap,True,0.0,0.0,eddycus:cfgcccf8017,eddycus:def05c67e7e,4;7;8;12,0,101.0,451.0,45479.0,2023-08-10T13:29:38,90.0
scan_00457,scan_00457.h5,True,"S13131 P3,3A 7,3 MHz","S13131P3,3A7,3MHz",HP-U300/122C,HT 50K,[90/90],0.6,[90/90] Degree fiber orientation with 0 mm gap in first layer,gap,True,0.0,0.0,eddycus:cfgcccf8017,eddycus:def05c67e7e,4;7;8;12,0,101.0,451.0,45483.0,2023-08-10T13:42:46,90.0
scan_00458,scan_00458.h5,True,"S13131 P3,3A 7,3 MHz","S13131P3,3A7,3MHz",HP-U300/122C,HT 50K,[90/90],0.6,[90/90] Degree fiber orientation with 0 mm gap in first layer,gap,True,0.0,0.0,eddycus:cfgcccf8017,eddycus:def05c67e7e,4;7;8;12,0,101.0,451.0,45489.0,2023-08-10T13:55:02,90.0
scan_00459,scan_00459.h5,True,"S13131 P3,3A 7,3 MHz","S13131P3,3A7,3MHz",Kohlegelege ST 50g,ZOLTEK PX35 50K,[0/90/45/45/45/45/90/0],1.36,[0/90/45/45/45/45/90/0] as reference without defect,clean,False,0.0,0.0,eddycus:cfg3b4c79cd,clean:eddycus:cfg3b4c79cd,4;6;8;12,0,51.0,451.0,22982.0,2022-11-03T15:27:00,0.0
scan_00460,scan_00460.h5,False,"""S13131 P3,3A 7,3 MHz""","S13131P3,3A7,3MHz",Kohlegelege ST 50g,ZOLTEK PX35 50K,[0/90/45/45/45/45/90/0],1.36,[0/90/45/45/45/45/90/0] orientation with a mis-orientation in the upper 90 ° stack,mis_orientation,True,0.34,10.0,eddycus:cfg5a41700e,eddycus:defd8c43638,,0,,,,"""Donnerstag, 10. November 2022 * 11:24:41""",0.0
scan_00461,scan_00461.h5,False,"""S13131 P3,3A 7,3 MHz""","S13131P3,3A7,3MHz",Kohlegelege ST 50g,ZOLTEK PX35 50K,[0/90/45/45/45/45/90/0],1.36,[0/90/45/45/45/45/90/0] orientation with a mis-orientation in the upper 90 ° stack,mis_orientation,True,0.34,15.0,eddycus:cfgf76c9f98,eddycus:defb2d525ce,,0,,,,"""Donnerstag, 10. November 2022 * 10:00:59""",0.0
scan_00462,scan_00462.h5,False,"""S13131 P3,3A 7,3 MHz""","S13131P3,3A7,3MHz",Kohlegelege ST 50g,ZOLTEK PX35 50K,[0/90/45/45/45/45/90/0],1.36,[0/90/45/45/45/45/90/0] orientation with a mis-orientation in the upper 90 ° stack,mis_orientation,True,0.34,1.0,eddycus:cfg95f32e58,eddycus:def7bfb3f38,,0,,,,"""Donnerstag, 3. November 2022 * 14:50:20""",0.0
scan_00463,scan_00463.h5,False,"""S13131 P3,3A 7,3 MHz""","S13131P3,3A7,3MHz",Kohlegelege ST 50g,ZOLTEK PX35 50K,[0/90/45/45/45/45/90/0],1.36,[0/90/45/45/45/45/90/0] orientation with a mis-orientation in the upper 90 ° stack,mis_orientation,True,0.34,3.0,eddycus:cfgc62df292,eddycus:def389638a0,,0,,,,"""Donnerstag, 3. November 2022 * 15:05:25""",0.0
scan_00464,scan_00464.h5,False,"""S13131 P3,3A 7,3 MHz""","S13131P3,3A7,3MHz",Kohlegelege ST 50g,ZOLTEK PX35 50K,[0/90/45/45/45/45/90/0],1.36,[0/90/45/45/45/45/90/0] orientation with a mis-orientation in the upper 90 ° stack,mis_orientation,True,0.34,5.0,eddycus:cfgf5267ca8,eddycus:deff1a66fde,,0,,,,"""Donnerstag, 10. November 2022 * 10:45:47""",0.0
scan_00465,scan_00465.h5,False,"""S13131 P3,3A 7,3 MHz""","S13131P3,3A7,3MHz",Kohlegelege ST 50g,ZOLTEK PX35 50K,[0/90/45/45],1.36,[0/90/45/45] as reference without defect,clean,False,0.0,0.0,eddycus:cfg567d99ee,clean:eddycus:cfg567d99ee,,0,,,,"""Donnerstag, 3. November 2022 * 15:33:54""",0.0
scan_00466,scan_00466.h5,True,"S13131 P3,3A 7,3 MHz","S13131P3,3A7,3MHz",Kohlegelege ST 50g,ZOLTEK PX35 50K,[0/90/45/45],1.36,[0/90/45/45] orientation with a mis-orientation in the upper 90 ° stack,mis_orientation,True,0.34,10.0,eddycus:cfgc80c06ab,eddycus:def254df1d2,4;6;8;12,0,51.0,451.0,22986.0,2022-11-10T11:05:18,0.0
scan_00467,scan_00467.h5,True,"S13131 P3,3A 7,3 MHz","S13131P3,3A7,3MHz",Kohlegelege ST 50g,ZOLTEK PX35 50K,[0/90/45/45],1.36,[0/90/45/45] orientation with a mis-orientation in the upper 90 ° stack,mis_orientation,True,0.34,15.0,eddycus:cfgff0297e1,eddycus:defbf0a1d72,4;6;8;12,0,51.0,451.0,22975.0,2022-11-10T10:09:02,0.0
scan_00468,scan_00468.h5,True,"S13131 P3,3A 7,3 MHz","S13131P3,3A7,3MHz",Kohlegelege ST 50g,ZOLTEK PX35 50K,[0/90/45/45],1.36,[0/90/45/45] orientation with a mis-orientation in the upper 90 ° stack,mis_orientation,True,0.34,1.0,eddycus:cfg8ee9a7a3,eddycus:defcfc0dc8c,4;6;8;12,0,51.0,450.0,22949.0,2022-11-03T13:17:03,0.0
scan_00469,scan_00469.h5,True,"S13131 P3,3A 7,3 MHz","S13131P3,3A7,3MHz",Kohlegelege ST 50g,ZOLTEK PX35 50K,[0/90/45/45],1.36,[0/90/45/45] orientation with a mis-orientation in the upper 90 ° stack,mis_orientation,True,0.34,3.0,eddycus:cfg9c795eb7,eddycus:defe592829b,4;6;8;12,0,51.0,451.0,22974.0,2022-11-03T14:57:54,0.0
scan_00470,scan_00470.h5,True,"S13131 P3,3A 7,3 MHz","S13131P3,3A7,3MHz",Kohlegelege ST 50g,ZOLTEK PX35 50K,[0/90/45/45],1.36,[0/90/45/45] orientation with a mis-orientation in the upper 90 ° stack,mis_orientation,True,0.34,5.0,eddycus:cfgc7747000,eddycus:defea192216,4;6;8;12,0,51.0,451.0,22987.0,2022-11-10T10:28:01,0.0
scan_00471,scan_00471.h5,True,"S13131 P3,3A 7,3 MHz","S13131P3,3A7,3MHz",Kohlegelege ST 50g,ZOLTEK PX35 50K,[0/90/90/0],1.36,[0/90/90/0] as reference without defect,clean,False,0.0,0.0,eddycus:cfg4a5598f1,clean:eddycus:cfg4a5598f1,4;6;8;12,0,51.0,451.0,22970.0,2022-11-03T15:12:48,0.0
scan_00472,scan_00472.h5,False,"S13131 P3,3A 7,3 MHz","S13131P3,3A7,3MHz",Kohlegelege ST 50g,ZOLTEK PX35 50K,[0/90],1.36,[0/90] as reference without defect,clean,False,0.0,0.0,eddycus:cfg9e4f3730,clean:eddycus:cfg9e4f3730,4;6;8;12,0,,,,2022-11-03T15:19:48,0.0
scan_00473,scan_00473.h5,True,"S13131 P3,3A 7,3 MHz","S13131P3,3A7,3MHz",Kohlegelege ST 50g,ZOLTEK PX35 50K,[0],1.36,[0] as reference without defect,clean,False,0.0,0.0,eddycus:cfg7f70c3ff,clean:eddycus:cfg7f70c3ff,4;6;8;12,0,51.0,451.0,22981.0,"Dienstag, 25. Oktober 2022 * 14:25:19",0.0
scan_00474,scan_00474.h5,True,"S13131 P3,3A 7,3 MHz","S13131P3,3A7,3MHz",Kohlegelege ST 50g,ZOLTEK PX35 50K,[0],1.36,[0] as reference without defect,clean,False,0.0,0.0,eddycus:cfg7f70c3ff,clean:eddycus:cfg7f70c3ff,4;6;8;12,0,51.0,451.0,22972.0,"Dienstag, 25. Oktober 2022 * 14:41:27",0.0
scan_00475,scan_00475.h5,True,"S13131 P3,3A 7,3 MHz","S13131P3,3A7,3MHz",Kohlegelege ST 50g,ZOLTEK PX35 50K,[0],1.36,[0] as reference without defect,clean,False,0.0,0.0,eddycus:cfg7f70c3ff,clean:eddycus:cfg7f70c3ff,4;6;8;12,0,51.0,451.0,22083.0,"Dienstag, 25. Oktober 2022 * 14:33:21",0.0
scan_00476,scan_00476.h5,False,"""S13131 P3,3A 7,3 MHz""","S13131P3,3A7,3MHz",Kohlegelege ST 50g,ZOLTEK PX35 50K,[0],0.136,[0] as reference without defect,clean,False,0.0,0.0,eddycus:cfg7b97ec19,clean:eddycus:cfg7b97ec19,,0,,,,"""Dienstag, 25. Oktober 2022 * 13:01:07""",0.0
scan_00477,scan_00477.h5,True,"S13131 P3,3A 7,3 MHz","S13131P3,3A7,3MHz",Kohlegelege ST 50g,ZOLTEK PX35 50K,[0],0.136,[0] as reference without defect,clean,False,0.0,0.0,eddycus:cfg7b97ec19,clean:eddycus:cfg7b97ec19,4;6;8;12,0,51.0,451.0,22976.0,"Dienstag, 25. Oktober 2022 * 13:09:02",0.0
scan_00478,scan_00478.h5,True,"S13131 P3,3A 7,3 MHz","S13131P3,3A7,3MHz",Kohlegelege ST 50g,ZOLTEK PX35 50K,[0],0.136,[0] as reference without defect,clean,False,0.0,0.0,eddycus:cfg7b97ec19,clean:eddycus:cfg7b97ec19,4;6;8;12,0,51.0,451.0,22965.0,"Dienstag, 25. Oktober 2022 * 13:17:32",0.0
scan_00479,scan_00479.h5,False,"""S13131 P3,3A 7,3 MHz""","S13131P3,3A7,3MHz",HP-U300/122C,HT 50K,[0/90/45/45],1.2,[0/90/45/45] as reference without defect,clean,False,0.0,0.0,eddycus:cfg04b63531,clean:eddycus:cfg04b63531,,0,,,,"""Montag, 30. Januar 2023 * 13:51:20""",0.0
scan_00480,scan_00480.h5,True,"S13131 P3,3A 7,3 MHz","S13131P3,3A7,3MHz",HP-U300/122C,HT 50K,[0/90/45/45],1.2,[0/90/45/45] orientation with a mis-orientation in the upper 90 ° stack,mis_orientation,True,0.3,10.0,eddycus:cfgbab4762e,eddycus:def0573fdd9,4;6;8;12,0,51.0,451.0,22987.0,"Montag, 30. Januar 2023 * 14:46:51",0.0
scan_00481,scan_00481.h5,True,"S13131 P3,3A 7,3 MHz","S13131P3,3A7,3MHz",HP-U300/122C,HT 50K,[0/90/45/45],1.2,[0/90/45/45] orientation with a mis-orientation in the upper 90 ° stack,mis_orientation,True,0.3,15.0,eddycus:cfg8afc4729,eddycus:def39fafb30,4;6;8;12,0,51.0,451.0,22972.0,"Montag, 30. Januar 2023 * 15:08:35",0.0
scan_00482,scan_00482.h5,True,"S13131 P3,3A 7,3 MHz","S13131P3,3A7,3MHz",HP-U300/122C,HT 50K,[0/90/45/45],1.2,[0/90/45/45] orientation with a mis-orientation in the upper 90 ° stack,mis_orientation,True,0.3,1.0,eddycus:cfg422a04dc,eddycus:def8c4ff9dd,4;6;8;12,0,51.0,451.0,22982.0,"Montag, 30. Januar 2023 * 14:07:11",0.0
scan_00483,scan_00483.h5,True,"S13131 P3,3A 7,3 MHz","S13131P3,3A7,3MHz",HP-U300/122C,HT 50K,[0/90/45/45],1.2,[0/90/45/45] orientation with a mis-orientation in the upper 90 ° stack,mis_orientation,True,0.3,3.0,eddycus:cfg5f88c42a,eddycus:defbc313351,4;6;8;12,0,51.0,451.0,22977.0,"Montag, 30. Januar 2023 * 14:21:34",0.0
scan_00484,scan_00484.h5,True,"S13131 P3,3A 7,3 MHz","S13131P3,3A7,3MHz",HP-U300/122C,HT 50K,[0/90/45/45],1.2,[0/90/45/45] orientation with a mis-orientation in the upper 90 ° stack,mis_orientation,True,0.3,5.0,eddycus:cfg6b1e7dc2,eddycus:defd65d5a5f,4;6;8;12,0,51.0,451.0,22982.0,"Montag, 30. Januar 2023 * 14:38:49",0.0
scan_00485,scan_00485.h5,False,"""S13131 P3,3A 7,3 MHz""","S13131P3,3A7,3MHz",HP-U300/122C,HT 50K,[0/90/45/45],1.2,[0/90/45/45] orientation with 10 mm x 10 mm PTFE film insert as delamination,ptfe_insert,True,0.3,10.0,eddycus:cfgd1666c60,eddycus:def5681ef73,,0,,,,"""Dienstag, 28. Februar 2023 * 11:15:32""",0.0
scan_00486,scan_00486.h5,False,"""S13131 P3,3A 7,3 MHz""","S13131P3,3A7,3MHz",HP-U300/122C,HT 50K,[0/90/45/45],1.2,[0/90/45/45] orientation with 10 mm x 10 mm PTFE film insert as delamination,ptfe_insert,True,0.6,10.0,eddycus:cfgf7a82c25,eddycus:defa6ec1143,,0,,,,"""Dienstag, 28. Februar 2023 * 11:08:04""",0.0
scan_00487,scan_00487.h5,False,"""S13131 P3,3A 7,3 MHz""","S13131P3,3A7,3MHz",HP-U300/122C,HT 50K,[0/90/45/45],1.2,[0/90/45/45] orientation with 10 mm x 10 mm PTFE film insert as delamination,ptfe_insert,True,0.9,10.0,eddycus:cfg7f5b74f3,eddycus:def9c969eb4,,0,,,,"""Dienstag, 28. Februar 2023 * 11:00:56""",0.0
scan_00488,scan_00488.h5,False,"""S13131 P3,3A 7,3 MHz""","S13131P3,3A7,3MHz",HP-U300/122C,HT 50K,[0/90/45/45],1.2,[0/90/45/45] orientation with 10 mm x 10 mm copper film insert,copper_foil,True,0.3,10.0,eddycus:cfgcf402cb9,eddycus:def7f42055f,,0,,,,"""Dienstag, 28. Februar 2023 * 12:35:52""",0.0
scan_00489,scan_00489.h5,False,"""S13131 P3,3A 7,3 MHz""","S13131P3,3A7,3MHz",HP-U300/122C,HT 50K,[0/90/45/45],1.2,[0/90/45/45] orientation with 10 mm x 10 mm copper film insert,copper_foil,True,0.6,10.0,eddycus:cfg16d24afc,eddycus:def1e08fdda,,0,,,,"""Dienstag, 28. Februar 2023 * 12:18:36""",0.0
scan_00490,scan_00490.h5,False,"""S13131 P3,3A 7,3 MHz""","S13131P3,3A7,3MHz",HP-U300/122C,HT 50K,[0/90/45/45],1.2,[0/90/45/45] orientation with 10 mm x 10 mm copper film insert,copper_foil,True,0.9,10.0,eddycus:cfgb154612a,eddycus:def8d0c0337,,0,,,,"""Dienstag, 28. Februar 2023 * 11:49:33""",0.0
scan_00491,scan_00491.h5,True,"S13131 P3,3A 7,3 MHz","S13131P3,3A7,3MHz",HP-U300/122C,HT 50K,[0/90/90/0],1.2,[0/90/90/0] as reference without defect,clean,False,0.0,0.0,eddycus:cfge32f6f96,clean:eddycus:cfge32f6f96,4;6;8;12,0,51.0,451.0,22968.0,"Montag, 30. Januar 2023 * 13:44:20",0.0
scan_00492,scan_00492.h5,True,"S13131 P3,3A 7,3 MHz","S13131P3,3A7,3MHz",HP-U300/122C,HT 50K,[0/90/90/0],1.2,[0/90/90/0] orientation with a mis-orientation in the upper 90 ° stack,mis_orientation,True,0.3,10.0,eddycus:cfg722b06d4,eddycus:defe06100f4,4;6;8;12,0,51.0,451.0,22967.0,"Montag, 30. Januar 2023 * 14:54:32",0.0
scan_00493,scan_00493.h5,True,"S13131 P3,3A 7,3 MHz","S13131P3,3A7,3MHz",HP-U300/122C,HT 50K,[0/90/90/0],1.2,[0/90/90/0] orientation with a mis-orientation in the upper 90 ° stack,mis_orientation,True,0.3,15.0,eddycus:cfg59b4982e,eddycus:defa4a19db3,4;6;8;12,0,51.0,451.0,22979.0,"Montag, 30. Januar 2023 * 15:01:46",0.0
scan_00494,scan_00494.h5,True,"S13131 P3,3A 7,3 MHz","S13131P3,3A7,3MHz",HP-U300/122C,HT 50K,[0/90/90/0],1.2,[0/90/90/0] orientation with a mis-orientation in the upper 90 ° stack,mis_orientation,True,0.3,1.0,eddycus:cfg285c0e02,eddycus:def3d9d934e,4;6;8;12,0,51.0,451.0,22987.0,"Montag, 30. Januar 2023 * 14:00:16",0.0
scan_00495,scan_00495.h5,True,"S13131 P3,3A 7,3 MHz","S13131P3,3A7,3MHz",HP-U300/122C,HT 50K,[0/90/90/0],1.2,[0/90/90/0] orientation with a mis-orientation in the upper 90 ° stack,mis_orientation,True,0.3,3.0,eddycus:cfg73dc6730,eddycus:def2bf40ae1,4;6;8;12,0,51.0,451.0,22974.0,"Montag, 30. Januar 2023 * 14:14:15",0.0
scan_00496,scan_00496.h5,True,"S13131 P3,3A 7,3 MHz","S13131P3,3A7,3MHz",HP-U300/122C,HT 50K,[0/90/90/0],1.2,[0/90/90/0] orientation with a mis-orientation in the upper 90 ° stack,mis_orientation,True,0.3,5.0,eddycus:cfg15504b6a,eddycus:def817b5c49,4;6;8;12,0,51.0,451.0,22984.0,"Montag, 30. Januar 2023 * 14:30:52",0.0
scan_00497,scan_00497.h5,False,"""S13131 P3,3A 7,3 MHz""","S13131P3,3A7,3MHz",HP-U300/122C,HT 50K,[0/90/90/0],1.2,[0/90/90/0] orientation with 10 mm x 10 mm PTFE film insert as delamination,ptfe_insert,True,0.3,10.0,eddycus:cfg8350a65e,eddycus:def47cad126,,0,,,,"""Dienstag, 28. Februar 2023 * 11:40:14""",0.0
scan_00498,scan_00498.h5,False,"""S13131 P3,3A 7,3 MHz""","S13131P3,3A7,3MHz",HP-U300/122C,HT 50K,[0/90/90/0],1.2,[0/90/90/0] orientation with 10 mm x 10 mm PTFE film insert as delamination,ptfe_insert,True,0.6,10.0,eddycus:cfgbb498b81,eddycus:deff4605863,,0,,,,"""Dienstag, 28. Februar 2023 * 11:32:54""",0.0
scan_00499,scan_00499.h5,False,"""S13131 P3,3A 7,3 MHz""","S13131P3,3A7,3MHz",HP-U300/122C,HT 50K,[0/90/90/0],1.2,[0/90/90/0] orientation with 10 mm x 10 mm PTFE film insert as delamination,ptfe_insert,True,0.9,10.0,eddycus:cfgee779bc2,eddycus:defa955ba82,,0,,,,"""Dienstag, 28. Februar 2023 * 11:24:42""",0.0
scan_00500,scan_00500.h5,False,"""S13131 P3,3A 7,3 MHz""","S13131P3,3A7,3MHz",HP-U300/122C,HT 50K,[0/90/90/0],1.2,[0/90/90/0] orientation with 10 mm x 10 mm copper film insert,copper_foil,True,0.3,10.0,eddycus:cfg78024103,eddycus:def2b9655df,,0,,,,"""Dienstag, 28. Februar 2023 * 13:23:27""",0.0
scan_00501,scan_00501.h5,True,"S13131 P3,3A 7,3 MHz","S13131P3,3A7,3MHz",HP-U300/122C,HT 50K,[0/90/90/0],1.2,[0/90/90/0] orientation with 10 mm x 10 mm copper film insert,copper_foil,True,0.6,10.0,eddycus:cfge85a4eee,eddycus:def51408d9c,4;6;8;12,0,51.0,451.0,22992.0,"Dienstag, 28. Februar 2023 * 12:50:06",0.0
scan_00502,scan_00502.h5,False,"""S13131 P3,3A 7,3 MHz""","S13131P3,3A7,3MHz",HP-U300/122C,HT 50K,[0/90/90/0],1.2,[0/90/90/0] orientation with 10 mm x 10 mm copper film insert,copper_foil,True,0.9,10.0,eddycus:cfgc6bac598,eddycus:def4b4e6bf3,,0,,,,"""Dienstag, 28. Februar 2023 * 12:43:04""",0.0
scan_00503,scan_00503.h5,False,"""S13131 P3,3A 7,3 MHz""","S13131P3,3A7,3MHz",HP-U300/122C,HT 50K,[0/90/90/0],1.2,[0/90/90/0] orientation with a copper coated roving inserted for local resistivity increase,copper_roving,True,0.3,0.0,eddycus:cfg4f36bd22,eddycus:defc39e03aa,,0,,,,"""Dienstag, 7. M_z 2023 * 12:02:02""",0.0
scan_00504,scan_00504.h5,False,"""S13131 P3,3A 7,3 MHz""","S13131P3,3A7,3MHz",HP-U300/122C,HT 50K,[0/90/90/0],1.2,[0/90/90/0] orientation with a copper coated roving inserted for local resistivity increase,copper_roving,True,0.6,0.0,eddycus:cfg526be0ed,eddycus:defd71132ef,,0,,,,"""Dienstag, 7. M_z 2023 * 12:09:32""",0.0
scan_00505,scan_00505.h5,False,"""S13131 P3,3A 7,3 MHz""","S13131P3,3A7,3MHz",HP-U300/122C,HT 50K,[0/90/90/0],1.2,[0/90/90/0] orientation with a copper coated roving inserted for local resistivity increase,copper_roving,True,0.9,0.0,eddycus:cfg46f177c8,eddycus:deff51d8b79,,0,,,,"""Dienstag, 7. M_z 2023 * 12:18:41""",0.0
scan_00506,scan_00506.h5,False,"""S13131 P3,3A 7,3 MHz""","S13131P3,3A7,3MHz",HP-U300/122C,HT 50K,[0/90/90/0],1.2,[0/90/90/0] orientation with a copper coated roving inserted for local resistivity increase,copper_roving,True,0.3,90.0,eddycus:cfg7a0449d9,eddycus:def28a3d933,,0,,,,"""Dienstag, 7. M_z 2023 * 11:38:19""",0.0
scan_00507,scan_00507.h5,True,"S13131 P3,3A 7,3 MHz","S13131P3,3A7,3MHz",HP-U300/122C,HT 50K,[0/90/90/0],1.2,[0/90/90/0] orientation with a copper coated roving inserted for local resistivity increase,copper_roving,True,0.6,90.0,eddycus:cfg11af3464,eddycus:def3a1745ab,4;6;8;12,0,51.0,451.0,22985.0,"Dienstag, 7. März 2023 * 11:46:22",0.0
scan_00508,scan_00508.h5,True,"S13131 P3,3A 7,3 MHz","S13131P3,3A7,3MHz",HP-U300/122C,HT 50K,[0/90/90/0],1.2,[0/90/90/0] orientation with a copper coated roving inserted for local resistivity increase,copper_roving,True,0.9,90.0,eddycus:cfge85cbb31,eddycus:def78976cb6,4;6;8;12,0,51.0,451.0,22956.0,"Dienstag, 7. März 2023 * 11:53:20",0.0
scan_00509,scan_00509.h5,False,"""S13131 P3,3A 7,3 MHz""","S13131P3,3A7,3MHz",HP-U300/122C,HT 50K,[0/90],1.2,[0/90] as reference without defect,clean,False,0.0,0.0,eddycus:cfg09eaa364,clean:eddycus:cfg09eaa364,,0,,,,"""Montag, 30. Januar 2023 * 13:37:34""",0.0
scan_00510,scan_00510.h5,False,"""S13131 P3,3A 7,3 MHz""","S13131P3,3A7,3MHz",HP-U300/122C,HT 50K,[0],1.2,[0] as reference without defect,clean,False,0.0,0.0,eddycus:cfg223285a4,clean:eddycus:cfg223285a4,,0,,,,"""Montag, 30. Januar 2023 * 13:30:41""",0.0
scan_00511,scan_00511.h5,True,"S13131 P3,3A 7,3 MHz","S13131P3,3A7,3MHz",Kohlegelege ST 50g,ZOLTEK PX35 50K,[0],0.272,[0] as reference without defect,clean,False,0.0,0.0,eddycus:cfg168cd0e5,clean:eddycus:cfg168cd0e5,4;6;8;12,0,51.0,451.0,22956.0,"Dienstag, 25. Oktober 2022 * 13:28:27",0.0
scan_00512,scan_00512.h5,False,"""S13131 P3,3A 7,3 MHz""","S13131P3,3A7,3MHz",Kohlegelege ST 50g,ZOLTEK PX35 50K,[0],0.272,[0] as reference without defect,clean,False,0.0,0.0,eddycus:cfg168cd0e5,clean:eddycus:cfg168cd0e5,,0,,,,"""Dienstag, 25. Oktober 2022 * 13:48:14""",0.0
scan_00513,scan_00513.h5,True,"S13131 P3,3A 7,3 MHz","S13131P3,3A7,3MHz",Kohlegelege ST 50g,ZOLTEK PX35 50K,[0],0.272,[0] as reference without defect,clean,False,0.0,0.0,eddycus:cfg168cd0e5,clean:eddycus:cfg168cd0e5,4;6;8;12,0,51.0,451.0,22965.0,"Dienstag, 25. Oktober 2022 * 13:36:17",0.0
scan_00514,scan_00514.h5,False,"""S13131 P3,3A 7,3 MHz""","S13131P3,3A7,3MHz",HP-U300/122C,HT 50K,[0],0.3,[0] as reference without defect,clean,False,0.0,0.0,eddycus:cfg3ef54812,clean:eddycus:cfg3ef54812,,0,,,,"""Montag, 30. Januar 2023 * 13:08:24""",0.0
scan_00515,scan_00515.h5,True,"S13131 P3,3A 7,3 MHz","S13131P3,3A7,3MHz",Kohlegelege ST 50g,ZOLTEK PX35 50K,[0],0.68,[0] as reference without defect,clean,False,0.0,0.0,eddycus:cfg0db9e58e,clean:eddycus:cfg0db9e58e,4;6;8;12,0,51.0,451.0,22975.0,"Dienstag, 25. Oktober 2022 * 13:56:14",0.0
scan_00516,scan_00516.h5,False,"""S13131 P3,3A 7,3 MHz""","S13131P3,3A7,3MHz",Kohlegelege ST 50g,ZOLTEK PX35 50K,[0],0.68,[0] as reference without defect,clean,False,0.0,0.0,eddycus:cfg0db9e58e,clean:eddycus:cfg0db9e58e,,0,,,,"""Dienstag, 25. Oktober 2022 * 14:07:21""",0.0
scan_00517,scan_00517.h5,True,"S13131 P3,3A 7,3 MHz","S13131P3,3A7,3MHz",Kohlegelege ST 50g,ZOLTEK PX35 50K,[0],0.68,[0] as reference without defect,clean,False,0.0,0.0,eddycus:cfg0db9e58e,clean:eddycus:cfg0db9e58e,4;6;8;12,0,51.0,451.0,22983.0,"Dienstag, 25. Oktober 2022 * 14:17:34",0.0
scan_00518,scan_00518.h5,True,"S13131 P3,3A 7,3 MHz","S13131P3,3A7,3MHz",Kohlegelege ST 50g,ZOLTEK PX35 50K,[0],0.068,[0] as reference without defect,clean,False,0.0,0.0,eddycus:cfg5f7bbfd3,clean:eddycus:cfg5f7bbfd3,4;6;8;12,0,51.0,451.0,21623.0,"Dienstag, 25. Oktober 2022 * 12:27:32",0.0
scan_00519,scan_00519.h5,False,"""S13131 P3,3A 7,3 MHz""","S13131P3,3A7,3MHz",Kohlegelege ST 50g,ZOLTEK PX35 50K,[0],0.068,[0] as reference without defect,clean,False,0.0,0.0,eddycus:cfg5f7bbfd3,clean:eddycus:cfg5f7bbfd3,,0,,,,"""Dienstag, 25. Oktober 2022 * 12:43:54""",0.0
scan_00520,scan_00520.h5,True,"S13131 P3,3A 7,3 MHz","S13131P3,3A7,3MHz",Kohlegelege ST 50g,ZOLTEK PX35 50K,[0],0.068,[0] as reference without defect,clean,False,0.0,0.0,eddycus:cfg5f7bbfd3,clean:eddycus:cfg5f7bbfd3,4;6;8;12,0,51.0,451.0,22964.0,"Dienstag, 25. Oktober 2022 * 12:35:31",0.0
scan_00521,scan_00521.h5,False,"""S13131 P3,3A 7,3 MHz""","S13131P3,3A7,3MHz",HP-U300/122C,HT 50K,[0],0.6,[0] as reference without defect,clean,False,0.0,0.0,eddycus:cfgaf598de1,clean:eddycus:cfgaf598de1,,0,,,,"""Montag, 30. Januar 2023 * 13:15:05""",0.0
scan_00522,scan_00522.h5,False,"""S13131 P3,3A 7,3 MHz""","S13131P3,3A7,3MHz",HP-U300/122C,HT 50K,[0],0.9,[0] as reference without defect,clean,False,0.0,0.0,eddycus:cfg3fe6a401,clean:eddycus:cfg3fe6a401,,0,,,,"""Montag, 30. Januar 2023 * 13:23:32""",0.0
scan_00523,scan_00523.h5,True,"S13131 P3,3A 7,3 MHz","S13131P3,3A7,3MHz",Kohlegelege ST 50g,ZOLTEK PX35 50K,[0/90/45/45/45/45/90/0],1.36,[0/90/45/45/45/45/90/0] as reference without defect,clean,False,0.0,0.0,eddycus:cfg3b4c79cd,clean:eddycus:cfg3b4c79cd,4;6;8;12,0,51.0,451.0,22987.0,"Montag, 19. Dezember 2022 * 09:48:36",0.0
scan_00524,scan_00524.h5,True,"S13131 P3,3A 7,3 MHz","S13131P3,3A7,3MHz",Kohlegelege ST 50g,ZOLTEK PX35 50K,[0/90/45/45/45/45/90/0],1.36,[0/90/45/45/45/45/90/0] orientation with a mis-orientation in the upper 90 ° stack,mis_orientation,True,0.34,10.0,eddycus:cfg5a41700e,eddycus:defd8c43638,4;6;8;12,0,51.0,451.0,22991.0,"Donnerstag, 15. Dezember 2022 * 14:07:18",0.0
scan_00525,scan_00525.h5,True,"S13131 P3,3A 7,3 MHz","S13131P3,3A7,3MHz",Kohlegelege ST 50g,ZOLTEK PX35 50K,[0/90/45/45/45/45/90/0],1.36,[0/90/45/45/45/45/90/0] orientation with a mis-orientation in the upper 90 ° stack,mis_orientation,True,0.34,15.0,eddycus:cfgf76c9f98,eddycus:defb2d525ce,4;6;8;12,0,51.0,451.0,22987.0,"Donnerstag, 15. Dezember 2022 * 13:49:48",0.0
scan_00526,scan_00526.h5,True,"S13131 P3,3A 7,3 MHz","S13131P3,3A7,3MHz",Kohlegelege ST 50g,ZOLTEK PX35 50K,[0/90/45/45/45/45/90/0],1.36,[0/90/45/45/45/45/90/0] orientation with a mis-orientation in the upper 90 ° stack,mis_orientation,True,0.34,1.0,eddycus:cfg95f32e58,eddycus:def7bfb3f38,4;6;8;12,0,51.0,451.0,22990.0,"Donnerstag, 15. Dezember 2022 * 14:52:30",0.0
scan_00527,scan_00527.h5,True,"S13131 P3,3A 7,3 MHz","S13131P3,3A7,3MHz",Kohlegelege ST 50g,ZOLTEK PX35 50K,[0/90/45/45/45/45/90/0],1.36,[0/90/45/45/45/45/90/0] orientation with a mis-orientation in the upper 90 ° stack,mis_orientation,True,0.34,3.0,eddycus:cfgc62df292,eddycus:def389638a0,4;6;8;12,0,51.0,451.0,22984.0,"Donnerstag, 15. Dezember 2022 * 14:35:12",0.0
scan_00528,scan_00528.h5,True,"S13131 P3,3A 7,3 MHz","S13131P3,3A7,3MHz",Kohlegelege ST 50g,ZOLTEK PX35 50K,[0/90/45/45/45/45/90/0],1.36,[0/90/45/45/45/45/90/0] orientation with a mis-orientation in the upper 90 ° stack,mis_orientation,True,0.34,5.0,eddycus:cfgf5267ca8,eddycus:deff1a66fde,4;6;8;12,0,51.0,451.0,22987.0,"Donnerstag, 15. Dezember 2022 * 14:18:22",0.0
scan_00529,scan_00529.h5,False,"""S13131 P3,3A 7,3 MHz""","S13131P3,3A7,3MHz",Kohlegelege ST 50g,ZOLTEK PX35 50K,[0/90/45/45],1.36,[0/90/45/45] as reference without defect,clean,False,0.0,0.0,eddycus:cfg567d99ee,clean:eddycus:cfg567d99ee,,0,,,,"""Montag, 19. Dezember 2022 * 09:33:16""",0.0
scan_00530,scan_00530.h5,True,"S13131 P3,3A 7,3 MHz","S13131P3,3A7,3MHz",Kohlegelege ST 50g,ZOLTEK PX35 50K,[0/90/45/45],1.36,[0/90/45/45] orientation with a mis-orientation in the upper 90 ° stack,mis_orientation,True,0.34,10.0,eddycus:cfgc80c06ab,eddycus:def254df1d2,4;6;8;12,0,51.0,451.0,22989.0,"Donnerstag, 15. Dezember 2022 * 13:57:02",0.0
scan_00531,scan_00531.h5,True,"S13131 P3,3A 7,3 MHz","S13131P3,3A7,3MHz",Kohlegelege ST 50g,ZOLTEK PX35 50K,[0/90/45/45],1.36,[0/90/45/45] orientation with a mis-orientation in the upper 90 ° stack,mis_orientation,True,0.34,15.0,eddycus:cfgff0297e1,eddycus:defbf0a1d72,4;6;8;12,0,51.0,451.0,22989.0,"Donnerstag, 15. Dezember 2022 * 13:40:32",0.0
scan_00532,scan_00532.h5,True,"S13131 P3,3A 7,3 MHz","S13131P3,3A7,3MHz",Kohlegelege ST 50g,ZOLTEK PX35 50K,[0/90/45/45],1.36,[0/90/45/45] orientation with a mis-orientation in the upper 90 ° stack,mis_orientation,True,0.34,1.0,eddycus:cfg8ee9a7a3,eddycus:defcfc0dc8c,4;6;8;12,0,51.0,451.0,22983.0,"Donnerstag, 15. Dezember 2022 * 15:00:02",0.0
scan_00533,scan_00533.h5,True,"S13131 P3,3A 7,3 MHz","S13131P3,3A7,3MHz",Kohlegelege ST 50g,ZOLTEK PX35 50K,[0/90/45/45],1.36,[0/90/45/45] orientation with a mis-orientation in the upper 90 ° stack,mis_orientation,True,0.34,3.0,eddycus:cfg9c795eb7,eddycus:defe592829b,4;6;8;12,0,51.0,451.0,22986.0,"Donnerstag, 15. Dezember 2022 * 14:44:58",0.0
scan_00534,scan_00534.h5,True,"S13131 P3,3A 7,3 MHz","S13131P3,3A7,3MHz",Kohlegelege ST 50g,ZOLTEK PX35 50K,[0/90/45/45],1.36,[0/90/45/45] orientation with a mis-orientation in the upper 90 ° stack,mis_orientation,True,0.34,5.0,eddycus:cfgc7747000,eddycus:defea192216,4;6;8;12,0,51.0,451.0,22988.0,"Donnerstag, 15. Dezember 2022 * 14:26:20",0.0
scan_00535,scan_00535.h5,True,"S13131 P3,3A 7,3 MHz","S13131P3,3A7,3MHz",Kohlegelege ST 50g,ZOLTEK PX35 50K,[0/90/90/0],1.36,[0/90/90/0] as reference without defect,clean,False,0.0,0.0,eddycus:cfg4a5598f1,clean:eddycus:cfg4a5598f1,4;6;8;12,0,51.0,451.0,22981.0,"Montag, 19. Dezember 2022 * 09:56:59",0.0
scan_00536,scan_00536.h5,True,"S13131 P3,3A 7,3 MHz","S13131P3,3A7,3MHz",Kohlegelege ST 50g,ZOLTEK PX35 50K,[0/90],1.36,[0/90] as reference without defect,clean,False,0.0,0.0,eddycus:cfg9e4f3730,clean:eddycus:cfg9e4f3730,4;6;8;12,0,51.0,451.0,22982.0,"Montag, 19. Dezember 2022 * 09:41:31",0.0
scan_00537,scan_00537.h5,True,"S13131 P3,3A 7,3 MHz","S13131P3,3A7,3MHz",Kohlegelege ST 50g,ZOLTEK PX35 50K,[0],1.36,[0] as reference without defect,clean,False,0.0,0.0,eddycus:cfg7f70c3ff,clean:eddycus:cfg7f70c3ff,4;6;8;12,0,51.0,451.0,22988.0,"Montag, 19. Dezember 2022 * 10:04:21",0.0
scan_00538,scan_00538.h5,False,"""S13131 P3,3A 7,3 MHz""","S13131P3,3A7,3MHz",Kohlegelege ST 50g,ZOLTEK PX35 50K,[0],1.36,[0] as reference without defect,clean,False,0.0,0.0,eddycus:cfg7f70c3ff,clean:eddycus:cfg7f70c3ff,,0,,,,"""Montag, 19. Dezember 2022 * 10:25:44""",0.0
scan_00539,scan_00539.h5,True,"S13131 P3,3A 7,3 MHz","S13131P3,3A7,3MHz",Kohlegelege ST 50g,ZOLTEK PX35 50K,[0],1.36,[0] as reference without defect,clean,False,0.0,0.0,eddycus:cfg7f70c3ff,clean:eddycus:cfg7f70c3ff,4;6;8;12,0,51.0,451.0,22962.0,"Montag, 19. Dezember 2022 * 10:11:55",0.0
scan_00540,scan_00540.h5,False,"""S13131 P3,3A 7,3 MHz""","S13131P3,3A7,3MHz",HP-U300/122C,HT 50K,[0/90/45/45],1.2,[0/90/45/45] as reference without defect,clean,False,0.0,0.0,eddycus:cfg04b63531,clean:eddycus:cfg04b63531,,0,,,,"""Dienstag, 31. Januar 2023 * 11:07:42""",0.0
scan_00541,scan_00541.h5,True,"S13131 P3,3A 7,3 MHz","S13131P3,3A7,3MHz",HP-U300/122C,HT 50K,[0/90/45/45],1.2,[0/90/45/45] orientation with a mis-orientation in the upper 90 ° stack,mis_orientation,True,0.3,10.0,eddycus:cfgbab4762e,eddycus:def0573fdd9,4;6;8;12,0,51.0,451.0,22978.0,"Dienstag, 31. Januar 2023 * 10:03:52",0.0
scan_00542,scan_00542.h5,True,"S13131 P3,3A 7,3 MHz","S13131P3,3A7,3MHz",HP-U300/122C,HT 50K,[0/90/45/45],1.2,[0/90/45/45] orientation with a mis-orientation in the upper 90 ° stack,mis_orientation,True,0.3,15.0,eddycus:cfg8afc4729,eddycus:def39fafb30,4;6;8;12,0,51.0,451.0,22952.0,"Dienstag, 31. Januar 2023 * 09:49:05",0.0
scan_00543,scan_00543.h5,True,"S13131 P3,3A 7,3 MHz","S13131P3,3A7,3MHz",HP-U300/122C,HT 50K,[0/90/45/45],1.2,[0/90/45/45] orientation with a mis-orientation in the upper 90 ° stack,mis_orientation,True,0.3,1.0,eddycus:cfg422a04dc,eddycus:def8c4ff9dd,4;6;8;12,0,51.0,451.0,22981.0,"Dienstag, 31. Januar 2023 * 10:53:14",0.0
scan_00544,scan_00544.h5,True,"S13131 P3,3A 7,3 MHz","S13131P3,3A7,3MHz",HP-U300/122C,HT 50K,[0/90/45/45],1.2,[0/90/45/45] orientation with a mis-orientation in the upper 90 ° stack,mis_orientation,True,0.3,3.0,eddycus:cfg5f88c42a,eddycus:defbc313351,4;6;8;12,0,51.0,451.0,22981.0,"Dienstag, 31. Januar 2023 * 10:36:27",0.0
scan_00545,scan_00545.h5,True,"S13131 P3,3A 7,3 MHz","S13131P3,3A7,3MHz",HP-U300/122C,HT 50K,[0/90/45/45],1.2,[0/90/45/45] orientation with a mis-orientation in the upper 90 ° stack,mis_orientation,True,0.3,5.0,eddycus:cfg6b1e7dc2,eddycus:defd65d5a5f,4;6;8;12,0,51.0,451.0,22978.0,"Dienstag, 31. Januar 2023 * 10:21:34",0.0
scan_00546,scan_00546.h5,True,"S13131 P3,3A 7,3 MHz","S13131P3,3A7,3MHz",HP-U300/122C,HT 50K,[0/90/45/45],1.2,[0/90/45/45] orientation with 10 mm x 10 mm PTFE film insert as delamination,ptfe_insert,True,0.3,10.0,eddycus:cfgd1666c60,eddycus:def5681ef73,4;6;8;12,0,51.0,451.0,22966.0,"Dienstag, 28. Februar 2023 * 10:27:23",0.0
scan_00547,scan_00547.h5,True,"S13131 P3,3A 7,3 MHz","S13131P3,3A7,3MHz",HP-U300/122C,HT 50K,[0/90/45/45],1.2,[0/90/45/45] orientation with 10 mm x 10 mm PTFE film insert as delamination,ptfe_insert,True,0.6,10.0,eddycus:cfgf7a82c25,eddycus:defa6ec1143,4;6;8;12,0,51.0,451.0,22980.0,"Dienstag, 28. Februar 2023 * 10:36:11",0.0
scan_00548,scan_00548.h5,True,"S13131 P3,3A 7,3 MHz","S13131P3,3A7,3MHz",HP-U300/122C,HT 50K,[0/90/45/45],1.2,[0/90/45/45] orientation with 10 mm x 10 mm PTFE film insert as delamination,ptfe_insert,True,0.9,10.0,eddycus:cfg7f5b74f3,eddycus:def9c969eb4,4;6;8;12,0,51.0,451.0,22988.0,"Dienstag, 28. Februar 2023 * 10:43:50",0.0
scan_00549,scan_00549.h5,True,"S13131 P3,3A 7,3 MHz","S13131P3,3A7,3MHz",HP-U300/122C,HT 50K,[0/90/45/45],1.2,[0/90/45/45] orientation with 10 mm x 10 mm copper film insert,copper_foil,True,0.3,10.0,eddycus:cfgcf402cb9,eddycus:def7f42055f,4;6;8;12,0,51.0,451.0,22985.0,"Dienstag, 28. Februar 2023 * 09:29:35",0.0
scan_00550,scan_00550.h5,True,"S13131 P3,3A 7,3 MHz","S13131P3,3A7,3MHz",HP-U300/122C,HT 50K,[0/90/45/45],1.2,[0/90/45/45] orientation with 10 mm x 10 mm copper film insert,copper_foil,True,0.6,10.0,eddycus:cfg16d24afc,eddycus:def1e08fdda,4;6;8;12,0,51.0,451.0,22984.0,"Dienstag, 28. Februar 2023 * 09:37:48",0.0
scan_00551,scan_00551.h5,True,"S13131 P3,3A 7,3 MHz","S13131P3,3A7,3MHz",HP-U300/122C,HT 50K,[0/90/45/45],1.2,[0/90/45/45] orientation with 10 mm x 10 mm copper film insert,copper_foil,True,0.9,10.0,eddycus:cfgb154612a,eddycus:def8d0c0337,4;6;8;12,0,51.0,451.0,22966.0,"Dienstag, 28. Februar 2023 * 09:45:42",0.0
scan_00552,scan_00552.h5,True,"S13131 P3,3A 7,3 MHz","S13131P3,3A7,3MHz",HP-U300/122C,HT 50K,[0/90/90/0],1.2,[0/90/90/0] as reference without defect,clean,False,0.0,0.0,eddycus:cfge32f6f96,clean:eddycus:cfge32f6f96,4;6;8;12,0,51.0,451.0,22972.0,"Dienstag, 31. Januar 2023 * 11:16:59",0.0
scan_00553,scan_00553.h5,True,"S13131 P3,3A 7,3 MHz","S13131P3,3A7,3MHz",HP-U300/122C,HT 50K,[0/90/90/0],1.2,[0/90/90/0] orientation with a mis-orientation in the upper 90 ° stack,mis_orientation,True,0.3,10.0,eddycus:cfg722b06d4,eddycus:defe06100f4,4;6;8;12,0,51.0,451.0,22983.0,"Dienstag, 31. Januar 2023 * 10:13:59",0.0
scan_00554,scan_00554.h5,True,"S13131 P3,3A 7,3 MHz","S13131P3,3A7,3MHz",HP-U300/122C,HT 50K,[0/90/90/0],1.2,[0/90/90/0] orientation with a mis-orientation in the upper 90 ° stack,mis_orientation,True,0.3,15.0,eddycus:cfg59b4982e,eddycus:defa4a19db3,4;6;8;12,0,51.0,451.0,22956.0,"Dienstag, 31. Januar 2023 * 09:56:12",0.0
scan_00555,scan_00555.h5,True,"S13131 P3,3A 7,3 MHz","S13131P3,3A7,3MHz",HP-U300/122C,HT 50K,[0/90/90/0],1.2,[0/90/90/0] orientation with a mis-orientation in the upper 90 ° stack,mis_orientation,True,0.3,1.0,eddycus:cfg285c0e02,eddycus:def3d9d934e,4;6;8;12,0,51.0,451.0,22975.0,"Dienstag, 31. Januar 2023 * 11:00:45",0.0
scan_00556,scan_00556.h5,True,"S13131 P3,3A 7,3 MHz","S13131P3,3A7,3MHz",HP-U300/122C,HT 50K,[0/90/90/0],1.2,[0/90/90/0] orientation with a mis-orientation in the upper 90 ° stack,mis_orientation,True,0.3,3.0,eddycus:cfg73dc6730,eddycus:def2bf40ae1,4;6;8;12,0,51.0,451.0,22973.0,"Dienstag, 31. Januar 2023 * 10:46:07",0.0
scan_00557,scan_00557.h5,True,"S13131 P3,3A 7,3 MHz","S13131P3,3A7,3MHz",HP-U300/122C,HT 50K,[0/90/90/0],1.2,[0/90/90/0] orientation with a mis-orientation in the upper 90 ° stack,mis_orientation,True,0.3,5.0,eddycus:cfg15504b6a,eddycus:def817b5c49,4;6;8;12,0,51.0,451.0,22984.0,"Dienstag, 31. Januar 2023 * 10:29:06",0.0
scan_00558,scan_00558.h5,True,"S13131 P3,3A 7,3 MHz","S13131P3,3A7,3MHz",HP-U300/122C,HT 50K,[0/90/90/0],1.2,[0/90/90/0] orientation with 10 mm x 10 mm PTFE film insert as delamination,ptfe_insert,True,0.3,10.0,eddycus:cfg8350a65e,eddycus:def47cad126,4;6;8;12,0,51.0,451.0,22991.0,"Dienstag, 28. Februar 2023 * 10:02:18",0.0
scan_00559,scan_00559.h5,True,"S13131 P3,3A 7,3 MHz","S13131P3,3A7,3MHz",HP-U300/122C,HT 50K,[0/90/90/0],1.2,[0/90/90/0] orientation with 10 mm x 10 mm PTFE film insert as delamination,ptfe_insert,True,0.6,10.0,eddycus:cfgbb498b81,eddycus:deff4605863,4;6;8;12,0,51.0,451.0,22986.0,"Dienstag, 28. Februar 2023 * 10:10:14",0.0
scan_00560,scan_00560.h5,True,"S13131 P3,3A 7,3 MHz","S13131P3,3A7,3MHz",HP-U300/122C,HT 50K,[0/90/90/0],1.2,[0/90/90/0] orientation with 10 mm x 10 mm PTFE film insert as delamination,ptfe_insert,True,0.9,10.0,eddycus:cfgee779bc2,eddycus:defa955ba82,4;6;8;12,0,51.0,451.0,22985.0,"Dienstag, 28. Februar 2023 * 10:17:57",0.0
scan_00561,scan_00561.h5,True,"S13131 P3,3A 7,3 MHz","S13131P3,3A7,3MHz",HP-U300/122C,HT 50K,[0/90/90/0],1.2,[0/90/90/0] orientation with 10 mm x 10 mm copper film insert,copper_foil,True,0.3,10.0,eddycus:cfg78024103,eddycus:def2b9655df,4;6;8;12,0,51.0,451.0,22964.0,"Dienstag, 28. Februar 2023 * 09:03:08",0.0
scan_00562,scan_00562.h5,True,"S13131 P3,3A 7,3 MHz","S13131P3,3A7,3MHz",HP-U300/122C,HT 50K,[0/90/90/0],1.2,[0/90/90/0] orientation with 10 mm x 10 mm copper film insert,copper_foil,True,0.6,10.0,eddycus:cfge85a4eee,eddycus:def51408d9c,4;6;8;12,0,51.0,451.0,22974.0,"Dienstag, 28. Februar 2023 * 09:13:33",0.0
scan_00563,scan_00563.h5,True,"S13131 P3,3A 7,3 MHz","S13131P3,3A7,3MHz",HP-U300/122C,HT 50K,[0/90/90/0],1.2,[0/90/90/0] orientation with 10 mm x 10 mm copper film insert,copper_foil,True,0.9,10.0,eddycus:cfgc6bac598,eddycus:def4b4e6bf3,4;6;8;12,0,51.0,451.0,22966.0,"Dienstag, 28. Februar 2023 * 09:21:55",0.0
scan_00564,scan_00564.h5,True,"S13131 P3,3A 7,3 MHz","S13131P3,3A7,3MHz",HP-U300/122C,HT 50K,[0/90/90/0],1.2,[0/90/90/0] orientation with a copper coated roving inserted for local resistivity increase,copper_roving,True,0.3,0.0,eddycus:cfg4f36bd22,eddycus:defc39e03aa,4;6;8;12,0,51.0,451.0,22987.0,"Dienstag, 7. März 2023 * 12:58:27",0.0
scan_00565,scan_00565.h5,True,"S13131 P3,3A 7,3 MHz","S13131P3,3A7,3MHz",HP-U300/122C,HT 50K,[0/90/90/0],1.2,[0/90/90/0] orientation with a copper coated roving inserted for local resistivity increase,copper_roving,True,0.6,0.0,eddycus:cfg526be0ed,eddycus:defd71132ef,4;6;8;12,0,51.0,451.0,22988.0,"Dienstag, 7. März 2023 * 12:35:47",0.0
scan_00566,scan_00566.h5,True,"S13131 P3,3A 7,3 MHz","S13131P3,3A7,3MHz",HP-U300/122C,HT 50K,[0/90/90/0],1.2,[0/90/90/0] orientation with a copper coated roving inserted for local resistivity increase,copper_roving,True,0.9,0.0,eddycus:cfg46f177c8,eddycus:deff51d8b79,4;6;8;12,0,51.0,451.0,22985.0,"Dienstag, 7. März 2023 * 12:28:42",0.0
scan_00567,scan_00567.h5,True,"S13131 P3,3A 7,3 MHz","S13131P3,3A7,3MHz",HP-U300/122C,HT 50K,[0/90/90/0],1.2,[0/90/90/0] orientation with a copper coated roving inserted for local resistivity increase,copper_roving,True,0.3,90.0,eddycus:cfg7a0449d9,eddycus:def28a3d933,4;6;8;12,0,51.0,451.0,22985.0,"Dienstag, 7. März 2023 * 13:19:06",0.0
scan_00568,scan_00568.h5,False,"""S13131 P3,3A 7,3 MHz""","S13131P3,3A7,3MHz",HP-U300/122C,HT 50K,[0/90/90/0],1.2,[0/90/90/0] orientation with a copper coated roving inserted for local resistivity increase,copper_roving,True,0.6,90.0,eddycus:cfg11af3464,eddycus:def3a1745ab,,0,,,,"""Dienstag, 7. M_z 2023 * 13:12:15""",0.0
scan_00569,scan_00569.h5,False,"""S13131 P3,3A 7,3 MHz""","S13131P3,3A7,3MHz",HP-U300/122C,HT 50K,[0/90/90/0],1.2,[0/90/90/0] orientation with a copper coated roving inserted for local resistivity increase,copper_roving,True,0.9,90.0,eddycus:cfge85cbb31,eddycus:def78976cb6,,0,,,,"""Dienstag, 7. M_z 2023 * 13:05:30""",0.0
scan_00570,scan_00570.h5,True,"S13131 P3,3A 7,3 MHz","S13131P3,3A7,3MHz",HP-U300/122C,HT 50K,[0/90],1.2,[0/90] as reference without defect,clean,False,0.0,0.0,eddycus:cfg09eaa364,clean:eddycus:cfg09eaa364,4;6;8;12,0,51.0,451.0,22986.0,"Dienstag, 31. Januar 2023 * 11:24:12",0.0
scan_00571,scan_00571.h5,True,"S13131 P3,3A 7,3 MHz","S13131P3,3A7,3MHz",HP-U300/122C,HT 50K,[0],1.2,[0] as reference without defect,clean,False,0.0,0.0,eddycus:cfg223285a4,clean:eddycus:cfg223285a4,4;6;8;12,0,51.0,451.0,22979.0,"Dienstag, 31. Januar 2023 * 11:31:46",0.0
scan_00572,scan_00572.h5,True,"S13131 P3,3A 7,3 MHz","S13131P3,3A7,3MHz",HP-U300/122C,HT 50K,[0],0.3,[0] as reference without defect,clean,False,0.0,0.0,eddycus:cfg3ef54812,clean:eddycus:cfg3ef54812,4;6;8;12,0,51.0,451.0,22984.0,"Dienstag, 31. Januar 2023 * 11:54:20",0.0
scan_00573,scan_00573.h5,True,"S13131 P3,3A 7,3 MHz","S13131P3,3A7,3MHz",Kohlegelege ST 50g,ZOLTEK PX35 50K,[0],0.68,[0] as reference without defect,clean,False,0.0,0.0,eddycus:cfg0db9e58e,clean:eddycus:cfg0db9e58e,4;6;8;12,0,51.0,451.0,22977.0,"Montag, 19. Dezember 2022 * 10:18:47",0.0
scan_00574,scan_00574.h5,True,"S13131 P3,3A 7,3 MHz","S13131P3,3A7,3MHz",Kohlegelege ST 50g,ZOLTEK PX35 50K,[0],0.68,[0] as reference without defect,clean,False,0.0,0.0,eddycus:cfg0db9e58e,clean:eddycus:cfg0db9e58e,4;6;8;12,0,51.0,451.0,22957.0,"Montag, 19. Dezember 2022 * 10:41:38",0.0
scan_00575,scan_00575.h5,True,"S13131 P3,3A 7,3 MHz","S13131P3,3A7,3MHz",Kohlegelege ST 50g,ZOLTEK PX35 50K,[0],0.68,[0] as reference without defect,clean,False,0.0,0.0,eddycus:cfg0db9e58e,clean:eddycus:cfg0db9e58e,4;6;8;12,0,51.0,451.0,22972.0,"Montag, 19. Dezember 2022 * 10:33:18",0.0
scan_00576,scan_00576.h5,True,"S13131 P3,3A 7,3 MHz","S13131P3,3A7,3MHz",HP-U300/122C,HT 50K,[0],0.6,[0] as reference without defect,clean,False,0.0,0.0,eddycus:cfgaf598de1,clean:eddycus:cfgaf598de1,4;6;8;12,0,51.0,451.0,22982.0,"Dienstag, 31. Januar 2023 * 11:47:00",0.0
scan_00577,scan_00577.h5,True,"S13131 P3,3A 7,3 MHz","S13131P3,3A7,3MHz",HP-U300/122C,HT 50K,[0],0.9,[0] as reference without defect,clean,False,0.0,0.0,eddycus:cfg3fe6a401,clean:eddycus:cfg3fe6a401,4;6;8;12,0,51.0,451.0,22977.0,"Dienstag, 31. Januar 2023 * 11:39:24",0.0
scan_00578,scan_00578.h5,True,"S13131 P3,3A 7,3 MHz","S13131P3,3A7,3MHz",Kohlegelege ST 50g,ZOLTEK PX35 50K,[0/90/45/45/45/45/90/0],1.36,[0/90/45/45/45/45/90/0] as reference without defect,clean,False,0.0,0.0,eddycus:cfg3b4c79cd,clean:eddycus:cfg3b4c79cd,4;6;8;12,0,51.0,451.0,22985.0,"Dienstag, 20. Dezember 2022 * 13:02:57",0.0
scan_00579,scan_00579.h5,True,"S13131 P3,3A 7,3 MHz","S13131P3,3A7,3MHz",Kohlegelege ST 50g,ZOLTEK PX35 50K,[0/90/45/45/45/45/90/0],1.36,[0/90/45/45/45/45/90/0] orientation with a mis-orientation in the upper 90 ° stack,mis_orientation,True,0.34,10.0,eddycus:cfg5a41700e,eddycus:defd8c43638,4;6;8;12,0,51.0,451.0,22985.0,"Dienstag, 20. Dezember 2022 * 11:58:46",0.0
scan_00580,scan_00580.h5,True,"S13131 P3,3A 7,3 MHz","S13131P3,3A7,3MHz",Kohlegelege ST 50g,ZOLTEK PX35 50K,[0/90/45/45/45/45/90/0],1.36,[0/90/45/45/45/45/90/0] orientation with a mis-orientation in the upper 90 ° stack,mis_orientation,True,0.34,15.0,eddycus:cfgf76c9f98,eddycus:defb2d525ce,4;6;8;12,0,51.0,451.0,22972.0,"Dienstag, 20. Dezember 2022 * 11:44:40",0.0
scan_00581,scan_00581.h5,True,"S13131 P3,3A 7,3 MHz","S13131P3,3A7,3MHz",Kohlegelege ST 50g,ZOLTEK PX35 50K,[0/90/45/45/45/45/90/0],1.36,[0/90/45/45/45/45/90/0] orientation with a mis-orientation in the upper 90 ° stack,mis_orientation,True,0.34,1.0,eddycus:cfg95f32e58,eddycus:def7bfb3f38,4;6;8;12,0,51.0,451.0,22986.0,"Dienstag, 20. Dezember 2022 * 12:34:40",0.0
scan_00582,scan_00582.h5,True,"S13131 P3,3A 7,3 MHz","S13131P3,3A7,3MHz",Kohlegelege ST 50g,ZOLTEK PX35 50K,[0/90/45/45/45/45/90/0],1.36,[0/90/45/45/45/45/90/0] orientation with a mis-orientation in the upper 90 ° stack,mis_orientation,True,0.34,3.0,eddycus:cfgc62df292,eddycus:def389638a0,4;6;8;12,0,51.0,451.0,22987.0,"Dienstag, 20. Dezember 2022 * 12:19:32",0.0
scan_00583,scan_00583.h5,True,"S13131 P3,3A 7,3 MHz","S13131P3,3A7,3MHz",Kohlegelege ST 50g,ZOLTEK PX35 50K,[0/90/45/45/45/45/90/0],1.36,[0/90/45/45/45/45/90/0] orientation with a mis-orientation in the upper 90 ° stack,mis_orientation,True,0.34,5.0,eddycus:cfgf5267ca8,eddycus:deff1a66fde,4;6;8;12,0,51.0,451.0,22977.0,"Dienstag, 20. Dezember 2022 * 12:05:39",0.0
scan_00584,scan_00584.h5,False,"""S13131 P3,3A 7,3 MHz""","S13131P3,3A7,3MHz",Kohlegelege ST 50g,ZOLTEK PX35 50K,[0/90/45/45],1.36,[0/90/45/45] as reference without defect,clean,False,0.0,0.0,eddycus:cfg567d99ee,clean:eddycus:cfg567d99ee,,0,,,,"""Dienstag, 20. Dezember 2022 * 12:49:27""",0.0
scan_00585,scan_00585.h5,True,"S13131 P3,3A 7,3 MHz","S13131P3,3A7,3MHz",Kohlegelege ST 50g,ZOLTEK PX35 50K,[0/90/45/45],1.36,[0/90/45/45] orientation with a mis-orientation in the upper 90 ° stack,mis_orientation,True,0.34,10.0,eddycus:cfgc80c06ab,eddycus:def254df1d2,4;6;8;12,0,51.0,451.0,22977.0,"Dienstag, 20. Dezember 2022 * 11:51:46",0.0
scan_00586,scan_00586.h5,True,"S13131 P3,3A 7,3 MHz","S13131P3,3A7,3MHz",Kohlegelege ST 50g,ZOLTEK PX35 50K,[0/90/45/45],1.36,[0/90/45/45] orientation with a mis-orientation in the upper 90 ° stack,mis_orientation,True,0.34,15.0,eddycus:cfgff0297e1,eddycus:defbf0a1d72,4;6;8;12,0,51.0,451.0,22958.0,"Dienstag, 20. Dezember 2022 * 11:31:19",0.0
scan_00587,scan_00587.h5,True,"S13131 P3,3A 7,3 MHz","S13131P3,3A7,3MHz",Kohlegelege ST 50g,ZOLTEK PX35 50K,[0/90/45/45],1.36,[0/90/45/45] orientation with a mis-orientation in the upper 90 ° stack,mis_orientation,True,0.34,1.0,eddycus:cfg8ee9a7a3,eddycus:defcfc0dc8c,4;6;8;12,0,51.0,451.0,22978.0,"Dienstag, 20. Dezember 2022 * 12:42:09",0.0
scan_00588,scan_00588.h5,True,"S13131 P3,3A 7,3 MHz","S13131P3,3A7,3MHz",Kohlegelege ST 50g,ZOLTEK PX35 50K,[0/90/45/45],1.36,[0/90/45/45] orientation with a mis-orientation in the upper 90 ° stack,mis_orientation,True,0.34,3.0,eddycus:cfg9c795eb7,eddycus:defe592829b,4;6;8;12,0,51.0,451.0,22988.0,"Dienstag, 20. Dezember 2022 * 12:26:13",0.0
scan_00589,scan_00589.h5,True,"S13131 P3,3A 7,3 MHz","S13131P3,3A7,3MHz",Kohlegelege ST 50g,ZOLTEK PX35 50K,[0/90/45/45],1.36,[0/90/45/45] orientation with a mis-orientation in the upper 90 ° stack,mis_orientation,True,0.34,5.0,eddycus:cfgc7747000,eddycus:defea192216,4;6;8;12,0,51.0,451.0,22981.0,"Dienstag, 20. Dezember 2022 * 12:12:32",0.0
scan_00590,scan_00590.h5,True,"S13131 P3,3A 7,3 MHz","S13131P3,3A7,3MHz",Kohlegelege ST 50g,ZOLTEK PX35 50K,[0/90/90/0],1.36,[0/90/90/0] as reference without defect,clean,False,0.0,0.0,eddycus:cfg4a5598f1,clean:eddycus:cfg4a5598f1,4;6;8;12,0,51.0,451.0,22980.0,"Dienstag, 20. Dezember 2022 * 13:10:19",0.0
scan_00591,scan_00591.h5,True,"S13131 P3,3A 7,3 MHz","S13131P3,3A7,3MHz",Kohlegelege ST 50g,ZOLTEK PX35 50K,[0/90],1.36,[0/90] as reference without defect,clean,False,0.0,0.0,eddycus:cfg9e4f3730,clean:eddycus:cfg9e4f3730,4;6;8;12,0,51.0,451.0,22977.0,"Dienstag, 20. Dezember 2022 * 12:56:14",0.0
scan_00592,scan_00592.h5,True,"S13131 P3,3A 7,3 MHz","S13131P3,3A7,3MHz",Kohlegelege ST 50g,ZOLTEK PX35 50K,[0],1.36,[0] as reference without defect,clean,False,0.0,0.0,eddycus:cfg7f70c3ff,clean:eddycus:cfg7f70c3ff,4;6;8;12,0,51.0,451.0,22982.0,"Dienstag, 20. Dezember 2022 * 13:17:42",0.0
scan_00593,scan_00593.h5,True,"S13131 P3,3A 7,3 MHz","S13131P3,3A7,3MHz",Kohlegelege ST 50g,ZOLTEK PX35 50K,[0],1.36,[0] as reference without defect,clean,False,0.0,0.0,eddycus:cfg7f70c3ff,clean:eddycus:cfg7f70c3ff,4;6;8;12,0,51.0,451.0,22982.0,"Dienstag, 20. Dezember 2022 * 13:25:08",0.0
scan_00594,scan_00594.h5,False,"""S13131 P3,3A 7,3 MHz""","S13131P3,3A7,3MHz",HP-U300/122C,HT 50K,[0/90/45/45],1.2,[0/90/45/45] as reference without defect,clean,False,0.0,0.0,eddycus:cfg04b63531,clean:eddycus:cfg04b63531,,0,,,,"""Donnerstag, 19. Januar 2023 * 10:33:22""",0.0
scan_00595,scan_00595.h5,True,"S13131 P3,3A 7,3 MHz","S13131P3,3A7,3MHz",HP-U300/122C,HT 50K,[0/90/45/45],1.2,[0/90/45/45] orientation with a mis-orientation in the upper 90 ° stack,mis_orientation,True,0.3,10.0,eddycus:cfgbab4762e,eddycus:def0573fdd9,4;6;8;12,0,51.0,451.0,22987.0,"Donnerstag, 19. Januar 2023 * 13:13:08",0.0
scan_00596,scan_00596.h5,True,"S13131 P3,3A 7,3 MHz","S13131P3,3A7,3MHz",HP-U300/122C,HT 50K,[0/90/45/45],1.2,[0/90/45/45] orientation with a mis-orientation in the upper 90 ° stack,mis_orientation,True,0.3,15.0,eddycus:cfg8afc4729,eddycus:def39fafb30,4;6;8;12,0,51.0,451.0,22993.0,"Donnerstag, 19. Januar 2023 * 13:28:37",0.0
scan_00597,scan_00597.h5,True,"S13131 P3,3A 7,3 MHz","S13131P3,3A7,3MHz",HP-U300/122C,HT 50K,[0/90/45/45],1.2,[0/90/45/45] orientation with a mis-orientation in the upper 90 ° stack,mis_orientation,True,0.3,1.0,eddycus:cfg422a04dc,eddycus:def8c4ff9dd,4;6;8;12,0,51.0,451.0,22990.0,"Donnerstag, 19. Januar 2023 * 11:12:19",0.0
scan_00598,scan_00598.h5,True,"S13131 P3,3A 7,3 MHz","S13131P3,3A7,3MHz",HP-U300/122C,HT 50K,[0/90/45/45],1.2,[0/90/45/45] orientation with a mis-orientation in the upper 90 ° stack,mis_orientation,True,0.3,3.0,eddycus:cfg5f88c42a,eddycus:defbc313351,4;6;8;12,0,51.0,451.0,22986.0,"Donnerstag, 19. Januar 2023 * 11:59:30",0.0
scan_00599,scan_00599.h5,True,"S13131 P3,3A 7,3 MHz","S13131P3,3A7,3MHz",HP-U300/122C,HT 50K,[0/90/45/45],1.2,[0/90/45/45] orientation with a mis-orientation in the upper 90 ° stack,mis_orientation,True,0.3,5.0,eddycus:cfg6b1e7dc2,eddycus:defd65d5a5f,4;6;8;12,0,51.0,451.0,22991.0,"Donnerstag, 19. Januar 2023 * 12:24:09",0.0
scan_00600,scan_00600.h5,True,"S13131 P3,3A 7,3 MHz","S13131P3,3A7,3MHz",HP-U300/122C,HT 50K,[0/90/45/45],1.2,[0/90/45/45] orientation with 10 mm x 10 mm PTFE film insert as delamination,ptfe_insert,True,0.3,10.0,eddycus:cfgd1666c60,eddycus:def5681ef73,4;6;8;12,0,51.0,451.0,22978.0,"Mittwoch, 1. März 2023 * 11:21:26",0.0
scan_00601,scan_00601.h5,True,"S13131 P3,3A 7,3 MHz","S13131P3,3A7,3MHz",HP-U300/122C,HT 50K,[0/90/45/45],1.2,[0/90/45/45] orientation with 10 mm x 10 mm PTFE film insert as delamination,ptfe_insert,True,0.6,10.0,eddycus:cfgf7a82c25,eddycus:defa6ec1143,4;6;8;12,0,51.0,451.0,22985.0,"Mittwoch, 1. März 2023 * 11:13:24",0.0
scan_00602,scan_00602.h5,True,"S13131 P3,3A 7,3 MHz","S13131P3,3A7,3MHz",HP-U300/122C,HT 50K,[0/90/45/45],1.2,[0/90/45/45] orientation with 10 mm x 10 mm PTFE film insert as delamination,ptfe_insert,True,0.9,10.0,eddycus:cfg7f5b74f3,eddycus:def9c969eb4,4;6;8;12,0,51.0,451.0,22982.0,"Mittwoch, 1. März 2023 * 11:06:25",0.0
scan_00603,scan_00603.h5,True,"S13131 P3,3A 7,3 MHz","S13131P3,3A7,3MHz",HP-U300/122C,HT 50K,[0/90/45/45],1.2,[0/90/45/45] orientation with 10 mm x 10 mm copper film insert,copper_foil,True,0.3,10.0,eddycus:cfgcf402cb9,eddycus:def7f42055f,4;6;8;12,0,51.0,451.0,22973.0,"Mittwoch, 1. März 2023 * 12:11:15",0.0
scan_00604,scan_00604.h5,True,"S13131 P3,3A 7,3 MHz","S13131P3,3A7,3MHz",HP-U300/122C,HT 50K,[0/90/45/45],1.2,[0/90/45/45] orientation with 10 mm x 10 mm copper film insert,copper_foil,True,0.6,10.0,eddycus:cfg16d24afc,eddycus:def1e08fdda,4;6;8;12,0,51.0,451.0,22987.0,"Mittwoch, 1. März 2023 * 12:01:05",0.0
scan_00605,scan_00605.h5,True,"S13131 P3,3A 7,3 MHz","S13131P3,3A7,3MHz",HP-U300/122C,HT 50K,[0/90/45/45],1.2,[0/90/45/45] orientation with 10 mm x 10 mm copper film insert,copper_foil,True,0.9,10.0,eddycus:cfgb154612a,eddycus:def8d0c0337,4;6;8;12,0,51.0,451.0,22973.0,"Mittwoch, 1. März 2023 * 11:53:16",0.0
scan_00606,scan_00606.h5,True,"S13131 P3,3A 7,3 MHz","S13131P3,3A7,3MHz",HP-U300/122C,HT 50K,[0/90/90/0],1.2,[0/90/90/0] as reference without defect,clean,False,0.0,0.0,eddycus:cfge32f6f96,clean:eddycus:cfge32f6f96,4;6;8;12,0,51.0,451.0,22984.0,"Donnerstag, 19. Januar 2023 * 10:24:03",0.0
scan_00607,scan_00607.h5,True,"S13131 P3,3A 7,3 MHz","S13131P3,3A7,3MHz",HP-U300/122C,HT 50K,[0/90/90/0],1.2,[0/90/90/0] orientation with a mis-orientation in the upper 90 ° stack,mis_orientation,True,0.3,10.0,eddycus:cfg722b06d4,eddycus:defe06100f4,4;6;8;12,0,51.0,451.0,22985.0,"Donnerstag, 26. Januar 2023 * 11:34:56",0.0
scan_00608,scan_00608.h5,True,"S13131 P3,3A 7,3 MHz","S13131P3,3A7,3MHz",HP-U300/122C,HT 50K,[0/90/90/0],1.2,[0/90/90/0] orientation with a mis-orientation in the upper 90 ° stack,mis_orientation,True,0.3,15.0,eddycus:cfg59b4982e,eddycus:defa4a19db3,4;6;8;12,0,51.0,451.0,22985.0,"Donnerstag, 26. Januar 2023 * 12:08:28",0.0
scan_00609,scan_00609.h5,True,"S13131 P3,3A 7,3 MHz","S13131P3,3A7,3MHz",HP-U300/122C,HT 50K,[0/90/90/0],1.2,[0/90/90/0] orientation with a mis-orientation in the upper 90 ° stack,mis_orientation,True,0.3,1.0,eddycus:cfg285c0e02,eddycus:def3d9d934e,4;6;8;12,0,51.0,451.0,22987.0,"Donnerstag, 19. Januar 2023 * 11:04:12",0.0
scan_00610,scan_00610.h5,True,"S13131 P3,3A 7,3 MHz","S13131P3,3A7,3MHz",HP-U300/122C,HT 50K,[0/90/90/0],1.2,[0/90/90/0] orientation with a mis-orientation in the upper 90 ° stack,mis_orientation,True,0.3,3.0,eddycus:cfg73dc6730,eddycus:def2bf40ae1,4;6;8;12,0,51.0,451.0,22989.0,"Donnerstag, 19. Januar 2023 * 11:50:37",0.0
scan_00611,scan_00611.h5,True,"S13131 P3,3A 7,3 MHz","S13131P3,3A7,3MHz",HP-U300/122C,HT 50K,[0/90/90/0],1.2,[0/90/90/0] orientation with a mis-orientation in the upper 90 ° stack,mis_orientation,True,0.3,5.0,eddycus:cfg15504b6a,eddycus:def817b5c49,4;6;8;12,0,51.0,451.0,22958.0,"Donnerstag, 26. Januar 2023 * 11:10:45",0.0
scan_00612,scan_00612.h5,True,"S13131 P3,3A 7,3 MHz","S13131P3,3A7,3MHz",HP-U300/122C,HT 50K,[0/90/90/0],1.2,[0/90/90/0] orientation with 10 mm x 10 mm PTFE film insert as delamination,ptfe_insert,True,0.3,10.0,eddycus:cfg8350a65e,eddycus:def47cad126,4;6;8;12,0,51.0,451.0,22981.0,"Mittwoch, 1. März 2023 * 11:46:12",0.0
scan_00613,scan_00613.h5,True,"S13131 P3,3A 7,3 MHz","S13131P3,3A7,3MHz",HP-U300/122C,HT 50K,[0/90/90/0],1.2,[0/90/90/0] orientation with 10 mm x 10 mm PTFE film insert as delamination,ptfe_insert,True,0.6,10.0,eddycus:cfgbb498b81,eddycus:deff4605863,4;6;8;12,0,51.0,451.0,22987.0,"Mittwoch, 1. März 2023 * 11:38:53",0.0
scan_00614,scan_00614.h5,True,"S13131 P3,3A 7,3 MHz","S13131P3,3A7,3MHz",HP-U300/122C,HT 50K,[0/90/90/0],1.2,[0/90/90/0] orientation with 10 mm x 10 mm PTFE film insert as delamination,ptfe_insert,True,0.9,10.0,eddycus:cfgee779bc2,eddycus:defa955ba82,4;6;8;12,0,51.0,451.0,22972.0,"Mittwoch, 1. März 2023 * 11:29:50",0.0
scan_00615,scan_00615.h5,True,"S13131 P3,3A 7,3 MHz","S13131P3,3A7,3MHz",HP-U300/122C,HT 50K,[0/90/90/0],1.2,[0/90/90/0] orientation with 10 mm x 10 mm copper film insert,copper_foil,True,0.3,10.0,eddycus:cfg78024103,eddycus:def2b9655df,4;6;8;12,0,51.0,451.0,22984.0,"Mittwoch, 1. März 2023 * 12:32:46",0.0
scan_00616,scan_00616.h5,True,"S13131 P3,3A 7,3 MHz","S13131P3,3A7,3MHz",HP-U300/122C,HT 50K,[0/90/90/0],1.2,[0/90/90/0] orientation with 10 mm x 10 mm copper film insert,copper_foil,True,0.6,10.0,eddycus:cfge85a4eee,eddycus:def51408d9c,4;6;8;12,0,51.0,451.0,22988.0,"Mittwoch, 1. März 2023 * 12:25:36",0.0
scan_00617,scan_00617.h5,True,"S13131 P3,3A 7,3 MHz","S13131P3,3A7,3MHz",HP-U300/122C,HT 50K,[0/90/90/0],1.2,[0/90/90/0] orientation with 10 mm x 10 mm copper film insert,copper_foil,True,0.9,10.0,eddycus:cfgc6bac598,eddycus:def4b4e6bf3,4;6;8;12,0,51.0,451.0,22985.0,"Mittwoch, 1. März 2023 * 12:18:08",0.0
scan_00618,scan_00618.h5,True,"S13131 P3,3A 7,3 MHz","S13131P3,3A7,3MHz",HP-U300/122C,HT 50K,[0/90/90/0],1.2,[0/90/90/0] orientation with a copper coated roving inserted for local resistivity increase,copper_roving,True,0.3,0.0,eddycus:cfg4f36bd22,eddycus:defc39e03aa,4;6;8;12,0,51.0,451.0,22971.0,"Dienstag, 7. März 2023 * 13:51:11",0.0
scan_00619,scan_00619.h5,True,"S13131 P3,3A 7,3 MHz","S13131P3,3A7,3MHz",HP-U300/122C,HT 50K,[0/90/90/0],1.2,[0/90/90/0] orientation with a copper coated roving inserted for local resistivity increase,copper_roving,True,0.6,0.0,eddycus:cfg526be0ed,eddycus:defd71132ef,4;6;8;12,0,51.0,451.0,22973.0,"Dienstag, 7. März 2023 * 13:58:17",0.0
scan_00620,scan_00620.h5,True,"S13131 P3,3A 7,3 MHz","S13131P3,3A7,3MHz",HP-U300/122C,HT 50K,[0/90/90/0],1.2,[0/90/90/0] orientation with a copper coated roving inserted for local resistivity increase,copper_roving,True,0.9,0.0,eddycus:cfg46f177c8,eddycus:deff51d8b79,4;6;8;12,0,51.0,451.0,22974.0,"Dienstag, 7. März 2023 * 14:05:39",0.0
scan_00621,scan_00621.h5,True,"S13131 P3,3A 7,3 MHz","S13131P3,3A7,3MHz",HP-U300/122C,HT 50K,[0/90/90/0],1.2,[0/90/90/0] orientation with a copper coated roving inserted for local resistivity increase,copper_roving,True,0.3,90.0,eddycus:cfg7a0449d9,eddycus:def28a3d933,4;6;8;12,0,51.0,451.0,22978.0,"Dienstag, 7. März 2023 * 13:29:59",0.0
scan_00622,scan_00622.h5,True,"S13131 P3,3A 7,3 MHz","S13131P3,3A7,3MHz",HP-U300/122C,HT 50K,[0/90/90/0],1.2,[0/90/90/0] orientation with a copper coated roving inserted for local resistivity increase,copper_roving,True,0.6,90.0,eddycus:cfg11af3464,eddycus:def3a1745ab,4;6;8;12,0,51.0,451.0,22983.0,"Dienstag, 7. März 2023 * 13:37:18",0.0
scan_00623,scan_00623.h5,True,"S13131 P3,3A 7,3 MHz","S13131P3,3A7,3MHz",HP-U300/122C,HT 50K,[0/90/90/0],1.2,[0/90/90/0] orientation with a copper coated roving inserted for local resistivity increase,copper_roving,True,0.9,90.0,eddycus:cfge85cbb31,eddycus:def78976cb6,4;6;8;12,0,51.0,451.0,22970.0,"Dienstag, 7. März 2023 * 13:44:06",0.0
scan_00624,scan_00624.h5,True,"S13131 P3,3A 7,3 MHz","S13131P3,3A7,3MHz",HP-U300/122C,HT 50K,[0/90],1.2,[0/90] as reference without defect,clean,False,0.0,0.0,eddycus:cfg09eaa364,clean:eddycus:cfg09eaa364,4;6;8;12,0,51.0,451.0,22985.0,"Donnerstag, 19. Januar 2023 * 09:53:34",0.0
scan_00625,scan_00625.h5,True,"S13131 P3,3A 7,3 MHz","S13131P3,3A7,3MHz",HP-U300/122C,HT 50K,[0/90],1.2,[0/90] as reference without defect,clean,False,0.0,0.0,eddycus:cfg09eaa364,clean:eddycus:cfg09eaa364,4;6;8;12,0,51.0,451.0,22984.0,"Donnerstag, 19. Januar 2023 * 10:04:18",0.0
scan_00626,scan_00626.h5,True,"S13131 P3,3A 7,3 MHz","S13131P3,3A7,3MHz",HP-U300/122C,HT 50K,[0],1.2,[0] as reference without defect,clean,False,0.0,0.0,eddycus:cfg223285a4,clean:eddycus:cfg223285a4,4;6;8;12,0,51.0,451.0,22986.0,"Donnerstag, 19. Januar 2023 * 09:35:18",0.0
scan_00627,scan_00627.h5,True,"S13131 P3,3A 7,3 MHz","S13131P3,3A7,3MHz",HP-U300/122C,HT 50K,[0],1.2,[0] as reference without defect,clean,False,0.0,0.0,eddycus:cfg223285a4,clean:eddycus:cfg223285a4,4;6;8;12,0,51.0,451.0,22973.0,"Donnerstag, 19. Januar 2023 * 09:25:49",0.0
scan_00628,scan_00628.h5,True,"S13131 P3,3A 7,3 MHz","S13131P3,3A7,3MHz",HP-U300/122C,HT 50K,[0],0.3,[0] as reference without defect,clean,False,0.0,0.0,eddycus:cfg3ef54812,clean:eddycus:cfg3ef54812,4;6;8;12,0,51.0,451.0,22990.0,"Donnerstag, 19. Januar 2023 * 13:52:27",0.0
scan_00629,scan_00629.h5,True,"S13131 P3,3A 7,3 MHz","S13131P3,3A7,3MHz",Kohlegelege ST 50g,ZOLTEK PX35 50K,[0],0.68,[0] as reference without defect,clean,False,0.0,0.0,eddycus:cfg0db9e58e,clean:eddycus:cfg0db9e58e,4;6;8;12,0,51.0,451.0,22988.0,"Dienstag, 20. Dezember 2022 * 13:31:47",0.0
scan_00630,scan_00630.h5,True,"S13131 P3,3A 7,3 MHz","S13131P3,3A7,3MHz",HP-U300/122C,HT 50K,[0],0.6,[0] as reference without defect,clean,False,0.0,0.0,eddycus:cfgaf598de1,clean:eddycus:cfgaf598de1,4;6;8;12,0,51.0,451.0,22994.0,"Donnerstag, 19. Januar 2023 * 13:44:46",0.0
scan_00631,scan_00631.h5,True,"S13131 P3,3A 7,3 MHz","S13131P3,3A7,3MHz",HP-U300/122C,HT 50K,[0],0.9,[0] as reference without defect,clean,False,0.0,0.0,eddycus:cfg3fe6a401,clean:eddycus:cfg3fe6a401,4;6;8;12,0,51.0,451.0,22991.0,"Donnerstag, 19. Januar 2023 * 13:37:22",0.0
scan_00632,scan_00632.h5,True,"S13131 P3,3A 7,3 MHz","S13131P3,3A7,3MHz",Kohlegelege ST 50g,ZOLTEK PX35 50K,[0/90/45/45/45/45/90/0],1.36,[0/90/45/45/45/45/90/0] as reference without defect,clean,False,0.0,0.0,eddycus:cfg3b4c79cd,clean:eddycus:cfg3b4c79cd,4;6;8;12,0,51.0,451.0,22979.0,2022-11-24T13:41:24,0.0
scan_00633,scan_00633.h5,True,"S13131 P3,3A 7,3 MHz","S13131P3,3A7,3MHz",Kohlegelege ST 50g,ZOLTEK PX35 50K,[0/90/45/45/45/45/90/0],1.36,[0/90/45/45/45/45/90/0] orientation with a mis-orientation in the upper 90 ° stack,mis_orientation,True,0.34,10.0,eddycus:cfg5a41700e,eddycus:defd8c43638,4;6;8;12,0,51.0,451.0,22976.0,2022-11-24T15:02:00,0.0
scan_00634,scan_00634.h5,True,"S13131 P3,3A 7,3 MHz","S13131P3,3A7,3MHz",Kohlegelege ST 50g,ZOLTEK PX35 50K,[0/90/45/45/45/45/90/0],1.36,[0/90/45/45/45/45/90/0] orientation with a mis-orientation in the upper 90 ° stack,mis_orientation,True,0.34,15.0,eddycus:cfgf76c9f98,eddycus:defb2d525ce,4;6;8;12,0,51.0,451.0,22987.0,2022-11-24T15:16:42,0.0
scan_00635,scan_00635.h5,True,"S13131 P3,3A 7,3 MHz","S13131P3,3A7,3MHz",Kohlegelege ST 50g,ZOLTEK PX35 50K,[0/90/45/45/45/45/90/0],1.36,[0/90/45/45/45/45/90/0] orientation with a mis-orientation in the upper 90 ° stack,mis_orientation,True,0.34,1.0,eddycus:cfg95f32e58,eddycus:def7bfb3f38,4;6;8;12,0,51.0,451.0,22989.0,2022-11-24T14:23:01,0.0
scan_00636,scan_00636.h5,True,"S13131 P3,3A 7,3 MHz","S13131P3,3A7,3MHz",Kohlegelege ST 50g,ZOLTEK PX35 50K,[0/90/45/45/45/45/90/0],1.36,[0/90/45/45/45/45/90/0] orientation with a mis-orientation in the upper 90 ° stack,mis_orientation,True,0.34,3.0,eddycus:cfgc62df292,eddycus:def389638a0,4;6;8;12,0,51.0,451.0,22984.0,2022-11-24T14:39:46,0.0
scan_00637,scan_00637.h5,True,"S13131 P3,3A 7,3 MHz","S13131P3,3A7,3MHz",Kohlegelege ST 50g,ZOLTEK PX35 50K,[0/90/45/45/45/45/90/0],1.36,[0/90/45/45/45/45/90/0] orientation with a mis-orientation in the upper 90 ° stack,mis_orientation,True,0.34,5.0,eddycus:cfgf5267ca8,eddycus:deff1a66fde,4;6;8;12,0,51.0,451.0,22984.0,2022-11-24T14:54:32,0.0
scan_00638,scan_00638.h5,False,"""S13131 P3,3A 7,3 MHz""","S13131P3,3A7,3MHz",Kohlegelege ST 50g,ZOLTEK PX35 50K,[0/90/45/45],1.36,[0/90/45/45] as reference without defect,clean,False,0.0,0.0,eddycus:cfg567d99ee,clean:eddycus:cfg567d99ee,,0,,,,"""Donnerstag, 24. November 2022 * 14:06:46""",0.0
scan_00639,scan_00639.h5,True,"S13131 P3,3A 7,3 MHz","S13131P3,3A7,3MHz",Kohlegelege ST 50g,ZOLTEK PX35 50K,[0/90/45/45],1.36,[0/90/45/45] orientation with a mis-orientation in the upper 90 ° stack,mis_orientation,True,0.34,10.0,eddycus:cfgc80c06ab,eddycus:def254df1d2,4;6;8;12,0,51.0,451.0,22984.0,2022-11-24T15:09:18,0.0
scan_00640,scan_00640.h5,True,"S13131 P3,3A 7,3 MHz","S13131P3,3A7,3MHz",Kohlegelege ST 50g,ZOLTEK PX35 50K,[0/90/45/45],1.36,[0/90/45/45] orientation with a mis-orientation in the upper 90 ° stack,mis_orientation,True,0.34,15.0,eddycus:cfgff0297e1,eddycus:defbf0a1d72,4;6;8;12,0,51.0,451.0,22989.0,2022-11-24T15:24:56,0.0
scan_00641,scan_00641.h5,True,"S13131 P3,3A 7,3 MHz","S13131P3,3A7,3MHz",Kohlegelege ST 50g,ZOLTEK PX35 50K,[0/90/45/45],1.36,[0/90/45/45] orientation with a mis-orientation in the upper 90 ° stack,mis_orientation,True,0.34,1.0,eddycus:cfg8ee9a7a3,eddycus:defcfc0dc8c,4;6;8;12,0,51.0,451.0,22988.0,2022-11-24T14:14:30,0.0
scan_00642,scan_00642.h5,True,"S13131 P3,3A 7,3 MHz","S13131P3,3A7,3MHz",Kohlegelege ST 50g,ZOLTEK PX35 50K,[0/90/45/45],1.36,[0/90/45/45] orientation with a mis-orientation in the upper 90 ° stack,mis_orientation,True,0.34,3.0,eddycus:cfg9c795eb7,eddycus:defe592829b,4;6;8;12,0,51.0,451.0,22993.0,2022-11-24T14:31:24,0.0
scan_00643,scan_00643.h5,True,"S13131 P3,3A 7,3 MHz","S13131P3,3A7,3MHz",Kohlegelege ST 50g,ZOLTEK PX35 50K,[0/90/45/45],1.36,[0/90/45/45] orientation with a mis-orientation in the upper 90 ° stack,mis_orientation,True,0.34,5.0,eddycus:cfgc7747000,eddycus:defea192216,4;6;8;12,0,51.0,451.0,22971.0,2022-11-24T14:47:23,0.0
scan_00644,scan_00644.h5,True,"S13131 P3,3A 7,3 MHz","S13131P3,3A7,3MHz",Kohlegelege ST 50g,ZOLTEK PX35 50K,[0/90/90/0],1.36,[0/90/90/0] as reference without defect,clean,False,0.0,0.0,eddycus:cfg4a5598f1,clean:eddycus:cfg4a5598f1,4;6;8;12,0,51.0,451.0,22982.0,2022-11-24T13:31:30,0.0
scan_00645,scan_00645.h5,True,"S13131 P3,3A 7,3 MHz","S13131P3,3A7,3MHz",Kohlegelege ST 50g,ZOLTEK PX35 50K,[0/90],1.36,[0/90] as reference without defect,clean,False,0.0,0.0,eddycus:cfg9e4f3730,clean:eddycus:cfg9e4f3730,4;6;8;12,0,51.0,451.0,22985.0,2022-11-24T13:50:53,0.0
scan_00646,scan_00646.h5,True,"S13131 P3,3A 7,3 MHz","S13131P3,3A7,3MHz",Kohlegelege ST 50g,ZOLTEK PX35 50K,[0],1.36,[0] as reference without defect,clean,False,0.0,0.0,eddycus:cfg7f70c3ff,clean:eddycus:cfg7f70c3ff,4;6;8;12,0,51.0,451.0,22960.0,"Donnerstag, 15. Dezember 2022 * 09:39:11",0.0
scan_00647,scan_00647.h5,True,"S13131 P3,3A 7,3 MHz","S13131P3,3A7,3MHz",Kohlegelege ST 50g,ZOLTEK PX35 50K,[0],1.36,[0] as reference without defect,clean,False,0.0,0.0,eddycus:cfg7f70c3ff,clean:eddycus:cfg7f70c3ff,4;6;8;12,0,51.0,451.0,22979.0,2022-11-24T15:32:35,0.0
scan_00648,scan_00648.h5,True,"S13131 P3,3A 7,3 MHz","S13131P3,3A7,3MHz",Kohlegelege ST 50g,ZOLTEK PX35 50K,[0],1.36,[0] as reference without defect,clean,False,0.0,0.0,eddycus:cfg7f70c3ff,clean:eddycus:cfg7f70c3ff,4;6;8;12,0,51.0,451.0,22990.0,"Donnerstag, 15. Dezember 2022 * 09:53:49",0.0
scan_00649,scan_00649.h5,False,"""S13131 P3,3A 7,3 MHz""","S13131P3,3A7,3MHz",HP-U300/122C,HT 50K,[0/90/45/45],1.2,[0/90/45/45] as reference without defect,clean,False,0.0,0.0,eddycus:cfg04b63531,clean:eddycus:cfg04b63531,,0,,,,"""Donnerstag, 26. Januar 2023 * 12:58:11""",0.0
scan_00650,scan_00650.h5,True,"S13131 P3,3A 7,3 MHz","S13131P3,3A7,3MHz",HP-U300/122C,HT 50K,[0/90/45/45],1.2,[0/90/45/45] orientation with a mis-orientation in the upper 90 ° stack,mis_orientation,True,0.3,10.0,eddycus:cfgbab4762e,eddycus:def0573fdd9,4;6;8;12,0,51.0,451.0,22986.0,"Donnerstag, 26. Januar 2023 * 13:39:42",0.0
scan_00651,scan_00651.h5,True,"S13131 P3,3A 7,3 MHz","S13131P3,3A7,3MHz",HP-U300/122C,HT 50K,[0/90/45/45],1.2,[0/90/45/45] orientation with a mis-orientation in the upper 90 ° stack,mis_orientation,True,0.3,15.0,eddycus:cfg8afc4729,eddycus:def39fafb30,4;6;8;12,0,51.0,451.0,22981.0,"Donnerstag, 26. Januar 2023 * 13:14:40",0.0
scan_00652,scan_00652.h5,True,"S13131 P3,3A 7,3 MHz","S13131P3,3A7,3MHz",HP-U300/122C,HT 50K,[0/90/45/45],1.2,[0/90/45/45] orientation with a mis-orientation in the upper 90 ° stack,mis_orientation,True,0.3,1.0,eddycus:cfg422a04dc,eddycus:def8c4ff9dd,4;6;8;12,0,51.0,451.0,22962.0,"Montag, 30. Januar 2023 * 11:49:20",0.0
scan_00653,scan_00653.h5,True,"S13131 P3,3A 7,3 MHz","S13131P3,3A7,3MHz",HP-U300/122C,HT 50K,[0/90/45/45],1.2,[0/90/45/45] orientation with a mis-orientation in the upper 90 ° stack,mis_orientation,True,0.3,3.0,eddycus:cfg5f88c42a,eddycus:defbc313351,4;6;8;12,0,51.0,451.0,22969.0,"Montag, 30. Januar 2023 * 11:34:57",0.0
scan_00654,scan_00654.h5,True,"S13131 P3,3A 7,3 MHz","S13131P3,3A7,3MHz",HP-U300/122C,HT 50K,[0/90/45/45],1.2,[0/90/45/45] orientation with a mis-orientation in the upper 90 ° stack,mis_orientation,True,0.3,5.0,eddycus:cfg6b1e7dc2,eddycus:defd65d5a5f,4;6;8;12,0,51.0,451.0,22966.0,"Montag, 30. Januar 2023 * 11:19:09",0.0
scan_00655,scan_00655.h5,True,"S13131 P3,3A 7,3 MHz","S13131P3,3A7,3MHz",HP-U300/122C,HT 50K,[0/90/45/45],1.2,[0/90/45/45] orientation with 10 mm x 10 mm PTFE film insert as delamination,ptfe_insert,True,0.3,10.0,eddycus:cfgd1666c60,eddycus:def5681ef73,4;6;8;12,0,51.0,451.0,22987.0,"Mittwoch, 1. März 2023 * 10:34:16",0.0
scan_00656,scan_00656.h5,True,"S13131 P3,3A 7,3 MHz","S13131P3,3A7,3MHz",HP-U300/122C,HT 50K,[0/90/45/45],1.2,[0/90/45/45] orientation with 10 mm x 10 mm PTFE film insert as delamination,ptfe_insert,True,0.6,10.0,eddycus:cfgf7a82c25,eddycus:defa6ec1143,4;6;8;12,0,51.0,451.0,22990.0,"Mittwoch, 1. März 2023 * 10:42:16",0.0
scan_00657,scan_00657.h5,True,"S13131 P3,3A 7,3 MHz","S13131P3,3A7,3MHz",HP-U300/122C,HT 50K,[0/90/45/45],1.2,[0/90/45/45] orientation with 10 mm x 10 mm PTFE film insert as delamination,ptfe_insert,True,0.9,10.0,eddycus:cfg7f5b74f3,eddycus:def9c969eb4,4;6;8;12,0,51.0,451.0,22986.0,"Mittwoch, 1. März 2023 * 10:49:27",0.0
scan_00658,scan_00658.h5,True,"S13131 P3,3A 7,3 MHz","S13131P3,3A7,3MHz",HP-U300/122C,HT 50K,[0/90/45/45],1.2,[0/90/45/45] orientation with 10 mm x 10 mm copper film insert,copper_foil,True,0.3,10.0,eddycus:cfgcf402cb9,eddycus:def7f42055f,4;6;8;12,0,51.0,451.0,22975.0,"Mittwoch, 1. März 2023 * 09:46:42",0.0
scan_00659,scan_00659.h5,True,"S13131 P3,3A 7,3 MHz","S13131P3,3A7,3MHz",HP-U300/122C,HT 50K,[0/90/45/45],1.2,[0/90/45/45] orientation with 10 mm x 10 mm copper film insert,copper_foil,True,0.6,10.0,eddycus:cfg16d24afc,eddycus:def1e08fdda,4;6;8;12,0,51.0,451.0,22986.0,"Mittwoch, 1. März 2023 * 09:53:57",0.0
scan_00660,scan_00660.h5,True,"S13131 P3,3A 7,3 MHz","S13131P3,3A7,3MHz",HP-U300/122C,HT 50K,[0/90/45/45],1.2,[0/90/45/45] orientation with 10 mm x 10 mm copper film insert,copper_foil,True,0.9,10.0,eddycus:cfgb154612a,eddycus:def8d0c0337,4;6;8;12,0,51.0,451.0,22979.0,"Mittwoch, 1. März 2023 * 10:01:02",0.0
scan_00661,scan_00661.h5,True,"S13131 P3,3A 7,3 MHz","S13131P3,3A7,3MHz",HP-U300/122C,HT 50K,[0/90/90/0],1.2,[0/90/90/0] as reference without defect,clean,False,0.0,0.0,eddycus:cfge32f6f96,clean:eddycus:cfge32f6f96,4;6;8;12,0,51.0,451.0,22984.0,"Donnerstag, 26. Januar 2023 * 13:57:13",0.0
scan_00662,scan_00662.h5,True,"S13131 P3,3A 7,3 MHz","S13131P3,3A7,3MHz",HP-U300/122C,HT 50K,[0/90/90/0],1.2,[0/90/90/0] orientation with a mis-orientation in the upper 90 ° stack,mis_orientation,True,0.3,15.0,eddycus:cfg59b4982e,eddycus:defa4a19db3,4;6;8;12,0,51.0,451.0,22983.0,"Donnerstag, 26. Januar 2023 * 13:07:11",0.0
scan_00663,scan_00663.h5,True,"S13131 P3,3A 7,3 MHz","S13131P3,3A7,3MHz",HP-U300/122C,HT 50K,[0/90/90/0],1.2,[0/90/90/0] orientation with a mis-orientation in the upper 90 ° stack,mis_orientation,True,0.3,1.0,eddycus:cfg285c0e02,eddycus:def3d9d934e,4;6;8;12,0,51.0,451.0,22969.0,"Montag, 30. Januar 2023 * 12:02:35",0.0
scan_00664,scan_00664.h5,True,"S13131 P3,3A 7,3 MHz","S13131P3,3A7,3MHz",HP-U300/122C,HT 50K,[0/90/90/0],1.2,[0/90/90/0] orientation with a mis-orientation in the upper 90 ° stack,mis_orientation,True,0.3,3.0,eddycus:cfg73dc6730,eddycus:def2bf40ae1,4;6;8;12,0,51.0,451.0,22957.0,"Montag, 30. Januar 2023 * 11:42:15",0.0
scan_00665,scan_00665.h5,True,"S13131 P3,3A 7,3 MHz","S13131P3,3A7,3MHz",HP-U300/122C,HT 50K,[0/90/90/0],1.2,[0/90/90/0] orientation with a mis-orientation in the upper 90 ° stack,mis_orientation,True,0.3,5.0,eddycus:cfg15504b6a,eddycus:def817b5c49,4;6;8;12,0,51.0,451.0,22957.0,"Montag, 30. Januar 2023 * 11:26:51",0.0
scan_00666,scan_00666.h5,True,"S13131 P3,3A 7,3 MHz","S13131P3,3A7,3MHz",HP-U300/122C,HT 50K,[0/90/90/0],1.2,[0/90/90/0] orientation with 10 mm x 10 mm PTFE film insert as delamination,ptfe_insert,True,0.3,10.0,eddycus:cfg8350a65e,eddycus:def47cad126,4;6;8;12,0,51.0,451.0,22986.0,"Mittwoch, 1. März 2023 * 10:07:48",0.0
scan_00667,scan_00667.h5,True,"S13131 P3,3A 7,3 MHz","S13131P3,3A7,3MHz",HP-U300/122C,HT 50K,[0/90/90/0],1.2,[0/90/90/0] orientation with 10 mm x 10 mm PTFE film insert as delamination,ptfe_insert,True,0.6,10.0,eddycus:cfgbb498b81,eddycus:deff4605863,4;6;8;12,0,51.0,451.0,22988.0,"Mittwoch, 1. März 2023 * 10:16:12",0.0
scan_00668,scan_00668.h5,True,"S13131 P3,3A 7,3 MHz","S13131P3,3A7,3MHz",HP-U300/122C,HT 50K,[0/90/90/0],1.2,[0/90/90/0] orientation with 10 mm x 10 mm PTFE film insert as delamination,ptfe_insert,True,0.9,10.0,eddycus:cfgee779bc2,eddycus:defa955ba82,4;6;8;12,0,51.0,451.0,22989.0,"Mittwoch, 15. März 2023 * 09:01:42",0.0
scan_00669,scan_00669.h5,True,"S13131 P3,3A 7,3 MHz","S13131P3,3A7,3MHz",HP-U300/122C,HT 50K,[0/90/90/0],1.2,[0/90/90/0] orientation with 10 mm x 10 mm copper film insert,copper_foil,True,0.3,10.0,eddycus:cfg78024103,eddycus:def2b9655df,4;6;8;12,0,51.0,451.0,22955.0,"Mittwoch, 1. März 2023 * 09:20:38",0.0
scan_00670,scan_00670.h5,True,"S13131 P3,3A 7,3 MHz","S13131P3,3A7,3MHz",HP-U300/122C,HT 50K,[0/90/90/0],1.2,[0/90/90/0] orientation with 10 mm x 10 mm copper film insert,copper_foil,True,0.6,10.0,eddycus:cfge85a4eee,eddycus:def51408d9c,4;6;8;12,0,51.0,451.0,22974.0,"Mittwoch, 1. März 2023 * 09:31:57",0.0
scan_00671,scan_00671.h5,True,"S13131 P3,3A 7,3 MHz","S13131P3,3A7,3MHz",HP-U300/122C,HT 50K,[0/90/90/0],1.2,[0/90/90/0] orientation with 10 mm x 10 mm copper film insert,copper_foil,True,0.9,10.0,eddycus:cfgc6bac598,eddycus:def4b4e6bf3,4;6;8;12,0,51.0,451.0,22984.0,"Mittwoch, 1. März 2023 * 09:39:32",0.0
scan_00672,scan_00672.h5,True,"S13131 P3,3A 7,3 MHz","S13131P3,3A7,3MHz",HP-U300/122C,HT 50K,[0/90/90/0],1.2,[0/90/90/0] orientation with a copper coated roving inserted for local resistivity increase,copper_roving,True,0.3,0.0,eddycus:cfg4f36bd22,eddycus:defc39e03aa,4;6;8;12,0,51.0,451.0,22983.0,"Dienstag, 7. März 2023 * 14:30:43",0.0
scan_00673,scan_00673.h5,True,"S13131 P3,3A 7,3 MHz","S13131P3,3A7,3MHz",HP-U300/122C,HT 50K,[0/90/90/0],1.2,[0/90/90/0] orientation with a copper coated roving inserted for local resistivity increase,copper_roving,True,0.6,0.0,eddycus:cfg526be0ed,eddycus:defd71132ef,4;6;8;12,0,51.0,451.0,22989.0,"Dienstag, 7. März 2023 * 14:23:37",0.0
scan_00674,scan_00674.h5,True,"S13131 P3,3A 7,3 MHz","S13131P3,3A7,3MHz",HP-U300/122C,HT 50K,[0/90/90/0],1.2,[0/90/90/0] orientation with a copper coated roving inserted for local resistivity increase,copper_roving,True,0.9,0.0,eddycus:cfg46f177c8,eddycus:deff51d8b79,4;6;8;12,0,51.0,451.0,22990.0,"Dienstag, 7. März 2023 * 14:16:21",0.0
scan_00675,scan_00675.h5,True,"S13131 P3,3A 7,3 MHz","S13131P3,3A7,3MHz",HP-U300/122C,HT 50K,[0/90/90/0],1.2,[0/90/90/0] orientation with a copper coated roving inserted for local resistivity increase,copper_roving,True,0.3,90.0,eddycus:cfg7a0449d9,eddycus:def28a3d933,4;6;8;12,0,51.0,451.0,22983.0,"Dienstag, 7. März 2023 * 14:51:31",0.0
scan_00676,scan_00676.h5,True,"S13131 P3,3A 7,3 MHz","S13131P3,3A7,3MHz",HP-U300/122C,HT 50K,[0/90/90/0],1.2,[0/90/90/0] orientation with a copper coated roving inserted for local resistivity increase,copper_roving,True,0.6,90.0,eddycus:cfg11af3464,eddycus:def3a1745ab,4;6;8;12,0,51.0,451.0,22989.0,"Dienstag, 7. März 2023 * 14:44:44",0.0
scan_00677,scan_00677.h5,True,"S13131 P3,3A 7,3 MHz","S13131P3,3A7,3MHz",HP-U300/122C,HT 50K,[0/90/90/0],1.2,[0/90/90/0] orientation with a copper coated roving inserted for local resistivity increase,copper_roving,True,0.9,90.0,eddycus:cfge85cbb31,eddycus:def78976cb6,4;6;8;12,0,51.0,451.0,22981.0,"Dienstag, 7. März 2023 * 14:37:41",0.0
scan_00678,scan_00678.h5,True,"S13131 P3,3A 7,3 MHz","S13131P3,3A7,3MHz",HP-U300/122C,HT 50K,[0/90/90/90],1.2,[0/90/90/90] orientation with a mis-orientation in the upper 90 ° stack,mis_orientation,True,0.3,10.0,eddycus:cfgfbf48db8,eddycus:defa73c9325,4;6;8;12,0,51.0,451.0,22988.0,"Donnerstag, 26. Januar 2023 * 13:48:16",0.0
scan_00679,scan_00679.h5,False,"""S13131 P3,3A 7,3 MHz""","S13131P3,3A7,3MHz",HP-U300/122C,HT 50K,[0/90],1.2,[0/90] as reference without defect,clean,False,0.0,0.0,eddycus:cfg09eaa364,clean:eddycus:cfg09eaa364,,0,,,,"""Donnerstag, 26. Januar 2023 * 14:05:44""",0.0
scan_00680,scan_00680.h5,False,"""S13131 P3,3A 7,3 MHz""","S13131P3,3A7,3MHz",HP-U300/122C,HT 50K,[0],1.2,[0] as reference without defect,clean,False,0.0,0.0,eddycus:cfg223285a4,clean:eddycus:cfg223285a4,,0,,,,"""Montag, 30. Januar 2023 * 12:10:50""",0.0
scan_00681,scan_00681.h5,True,"S13131 P3,3A 7,3 MHz","S13131P3,3A7,3MHz",HP-U300/122C,HT 50K,[0],0.3,[0] as reference without defect,clean,False,0.0,0.0,eddycus:cfg3ef54812,clean:eddycus:cfg3ef54812,4;6;8;12,0,51.0,451.0,22975.0,"Montag, 30. Januar 2023 * 12:37:02",0.0
scan_00682,scan_00682.h5,True,"S13131 P3,3A 7,3 MHz","S13131P3,3A7,3MHz",Kohlegelege ST 50g,ZOLTEK PX35 50K,[0],0.68,[0] as reference without defect,clean,False,0.0,0.0,eddycus:cfg0db9e58e,clean:eddycus:cfg0db9e58e,4;6;8;12,0,51.0,451.0,22990.0,"Donnerstag, 15. Dezember 2022 * 10:08:58",0.0
scan_00683,scan_00683.h5,True,"S13131 P3,3A 7,3 MHz","S13131P3,3A7,3MHz",Kohlegelege ST 50g,ZOLTEK PX35 50K,[0],0.68,[0] as reference without defect,clean,False,0.0,0.0,eddycus:cfg0db9e58e,clean:eddycus:cfg0db9e58e,4;6;8;12,0,51.0,451.0,22986.0,"Donnerstag, 15. Dezember 2022 * 10:59:02",0.0
scan_00684,scan_00684.h5,True,"S13131 P3,3A 7,3 MHz","S13131P3,3A7,3MHz",Kohlegelege ST 50g,ZOLTEK PX35 50K,[0],0.68,[0] as reference without defect,clean,False,0.0,0.0,eddycus:cfg0db9e58e,clean:eddycus:cfg0db9e58e,4;6;8;12,0,51.0,451.0,22988.0,"Donnerstag, 15. Dezember 2022 * 10:49:30",0.0
scan_00685,scan_00685.h5,True,"S13131 P3,3A 7,3 MHz","S13131P3,3A7,3MHz",HP-U300/122C,HT 50K,[0],0.6,[0] as reference without defect,clean,False,0.0,0.0,eddycus:cfgaf598de1,clean:eddycus:cfgaf598de1,4;6;8;12,0,51.0,451.0,22978.0,"Montag, 30. Januar 2023 * 12:29:31",0.0
scan_00686,scan_00686.h5,True,"S13131 P3,3A 7,3 MHz","S13131P3,3A7,3MHz",HP-U300/122C,HT 50K,[0],0.9,[0] as reference without defect,clean,False,0.0,0.0,eddycus:cfg3fe6a401,clean:eddycus:cfg3fe6a401,4;6;8;12,0,51.0,451.0,22968.0,"Montag, 30. Januar 2023 * 12:22:50",0.0
scan_00687,scan_00687.h5,True,"S15172 P2,4H 8,5 MHz","S15172P2,4H8,5MHz",0/90° Fabric 524 g/m²,Toho Tenax HTS40 12K,[0/90],0.5,"0 sensor orientation, missing roving resulting in a 3.5 mm gap in 0° layer with 0 additional layers added above the gap",gap,True,0.0,3.5,eddycus:cfg1a561983,eddycus:def8657c5da,2;4.1;6.3;7.5,0,202.0,1067.0,175540.0,"Freitag, 30. Juni 2017 * 11:17:31",0.0
scan_00688,scan_00688.h5,True,"S15172 P2,4H 8,5 MHz","S15172P2,4H8,5MHz",0/90° Fabric 524 g/m²,Toho Tenax HTS40 12K,[0/90],0.5,"90 sensor orientation, missing roving resulting in a 3.5 mm gap in 0° layer with 0 additional layers added above the gap",gap,True,0.0,3.5,eddycus:cfg3b4e0707,eddycus:def12836f0b,2;4.1;6.3;7.5,0,202.0,1067.0,175542.0,"Freitag, 30. Juni 2017 * 12:14:13",90.0
scan_00689,scan_00689.h5,True,"S15172 P2,4H 8,5 MHz","S15172P2,4H8,5MHz",0/90° Fabric 524 g/m²,Toho Tenax HTS40 12K,[0/90],0.5,"45 sensor orientation, missing roving resulting in a 3.5 mm gap in 0° layer with 0 additional layers added above the gap",gap,True,0.0,3.5,eddycus:cfg423fe5c2,eddycus:def02e3fa18,2;4.1;6.3;7.5,0,202.0,1067.0,175538.0,"Freitag, 30. Juni 2017 * 12:45:56",45.0
scan_00690,scan_00690.h5,True,"S13131 P3,3A 7,3 MHz","S13131P3,3A7,3MHz",0/90° Fabric 524 g/m²,Toho Tenax HTS40 12K,[0/90],0.5,"0 sensor orientation, missing roving resulting in a 3.5 mm gap in 0° layer with 0 additional layers added above the gap",gap,True,0.0,3.5,eddycus:cfg1a561983,eddycus:def8657c5da,1.8;4.3;5;7,0,203.0,1067.0,175048.0,"Montag, 3. Juli 2017 * 10:17:38",0.0
scan_00691,scan_00691.h5,True,"S13132 P5,8A 6,1 MHz","S13132P5,8A6,1MHz",0/90° Fabric 524 g/m²,Toho Tenax HTS40 12K,[0/90],0.5,"0 sensor orientation, missing roving resulting in a 3.5 mm gap in 0° layer with 0 additional layers added above the gap",gap,True,0.0,3.5,eddycus:cfg1a561983,eddycus:def8657c5da,3;4.1;6.3;8.2,0,202.0,1067.0,175538.0,"Montag, 3. Juli 2017 * 11:13:14",0.0
scan_00692,scan_00692.h5,True,"S13131 P3,3A 7,3 MHz","S13131P3,3A7,3MHz",0/90° Fabric 524 g/m²,Toho Tenax HTS40 12K,[0/90],0.5,"0 sensor orientation, missing roving resulting in a 3.5 mm gap in 0° layer with 0 additional layers added above the gap",gap,True,0.0,3.5,eddycus:cfg1a561983,eddycus:def8657c5da,1.8;4.3;5;7,0,202.0,1067.0,175541.0,"Montag, 3. Juli 2017 * 11:53:02",0.0
scan_00693,scan_00693.h5,True,"S14150 P5,8H 9,2 MHz","S14150P5,8H9,2MHz",0/90° Fabric 524 g/m²,Toho Tenax HTS40 12K,[0/90],0.5,"0 sensor orientation, missing roving resulting in a 3.5 mm gap in 0° layer with 0 additional layers added above the gap",gap,True,0.0,3.5,eddycus:cfg1a561983,eddycus:def8657c5da,2;4.1;6.3;8.2,0,202.0,1067.0,175537.0,"Montag, 3. Juli 2017 * 12:36:35",0.0
scan_00694,scan_00694.h5,True,"S14150 P5,8H 9,2 MHz","S14150P5,8H9,2MHz",0/90° Fabric 524 g/m²,Toho Tenax HTS40 12K,[0/90],0.5,"90 sensor orientation, missing roving resulting in a 3.5 mm gap in 0° layer with 0 additional layers added above the gap",gap,True,0.0,3.5,eddycus:cfg3b4e0707,eddycus:def12836f0b,2;4.1;6.3;8.2,0,202.0,1067.0,175535.0,"Montag, 3. Juli 2017 * 15:01:23",90.0
scan_00695,scan_00695.h5,True,"S14150 P5,8H 9,2 MHz","S14150P5,8H9,2MHz",0/90° Fabric 524 g/m²,Toho Tenax HTS40 12K,[0/90],0.5,"45 sensor orientation, missing roving resulting in a 3.5 mm gap in 0° layer with 0 additional layers added above the gap",gap,True,0.0,3.5,eddycus:cfg423fe5c2,eddycus:def02e3fa18,2;4.1;6.3;8.2,0,204.0,1067.0,174544.0,"Montag, 3. Juli 2017 * 16:22:51",45.0
scan_00696,scan_00696.h5,True,"S14152 P3,3H 24,3 MHz","S14152P3,3H24,3MHz",0/90° Fabric 524 g/m²,Toho Tenax HTS40 12K,[0/90],0.5,"0 sensor orientation, missing roving resulting in a 3.5 mm gap in 0° layer with 0 additional layers added above the gap",gap,True,0.0,3.5,eddycus:cfg1a561983,eddycus:def8657c5da,2;4.1;6.3;8.2,0,202.0,1067.0,175539.0,"Montag, 3. Juli 2017 * 17:00:44",0.0
scan_00697,scan_00697.h5,True,"S14152 P3,3H 24,3 MHz","S14152P3,3H24,3MHz",0/90° Fabric 524 g/m²,Toho Tenax HTS40 12K,[0/90],0.5,"45 sensor orientation, missing roving resulting in a 3.5 mm gap in 0° layer with 0 additional layers added above the gap",gap,True,0.0,3.5,eddycus:cfg423fe5c2,eddycus:def02e3fa18,2;4.1;6.3;8.2,0,202.0,1067.0,175537.0,"Mittwoch, 5. Juli 2017 * 10:24:01",45.0
scan_00698,scan_00698.h5,True,"S14152 P3,3H 24,3 MHz","S14152P3,3H24,3MHz",0/90° Fabric 524 g/m²,Toho Tenax HTS40 12K,[0/90],0.5,"90 sensor orientation, missing roving resulting in a 3.5 mm gap in 0° layer with 0 additional layers added above the gap",gap,True,0.0,3.5,eddycus:cfg3b4e0707,eddycus:def12836f0b,2;4.1;6.3;8.2,0,202.0,1067.0,175541.0,"Mittwoch, 5. Juli 2017 * 11:45:30",90.0
scan_00699,scan_00699.h5,True,"S17257 P7H 17,0 MHz","S17257P7H17,0MHz",0/90° Fabric 524 g/m²,Toho Tenax HTS40 12K,[0/90],0.5,"0 sensor orientation, missing roving resulting in a 3.5 mm gap in 0° layer with 0 additional layers added above the gap",gap,True,0.0,3.5,eddycus:cfg1a561983,eddycus:def8657c5da,2;4.1;6.3;8.2,0,202.0,1067.0,175549.0,"Mittwoch, 5. Juli 2017 * 13:13:17",0.0
scan_00700,scan_00700.h5,True,"S17257 P7H 17,0 MHz","S17257P7H17,0MHz",0/90° Fabric 524 g/m²,Toho Tenax HTS40 12K,[0/90],0.5,"90 sensor orientation, missing roving resulting in a 3.5 mm gap in 0° layer with 0 additional layers added above the gap",gap,True,0.0,3.5,eddycus:cfg3b4e0707,eddycus:def12836f0b,2;4.1;6.3;8.2,0,202.0,1067.0,175542.0,"Mittwoch, 5. Juli 2017 * 13:57:39",90.0
scan_00701,scan_00701.h5,True,"S17257 P7H 17,0 MHz","S17257P7H17,0MHz",0/90° Fabric 524 g/m²,Toho Tenax HTS40 12K,[0/90],0.5,"45 sensor orientation, missing roving resulting in a 3.5 mm gap in 0° layer with 0 additional layers added above the gap",gap,True,0.0,3.5,eddycus:cfg423fe5c2,eddycus:def02e3fa18,2;4.1;6.3;8.2,0,202.0,1067.0,175539.0,"Mittwoch, 5. Juli 2017 * 14:30:05",45.0
scan_00702,scan_00702.h5,True,"S13132 P5,8A 6,1 MHz","S13132P5,8A6,1MHz",0/90° Fabric 524 g/m²,Toho Tenax HTS40 12K,[0/90/[0/90]],1.0,"0 sensor orientation, missing roving resulting in a 3.5 mm gap in 0° layer with 1 additional layers added above the gap",gap,True,0.5,3.5,eddycus:cfg933d0c6e,eddycus:def5aa6da95,3;4.1;6.3;8.2,0,202.0,1067.0,175538.0,"Mittwoch, 5. Juli 2017 * 16:58:03",0.0
scan_00703,scan_00703.h5,True,"S13131 P3,3A 7,3 MHz","S13131P3,3A7,3MHz",0/90° Fabric 524 g/m²,Toho Tenax HTS40 12K,[0/90/[0/90]],1.0,"0 sensor orientation, missing roving resulting in a 3.5 mm gap in 0° layer with 1 additional layers added above the gap",gap,True,0.5,3.5,eddycus:cfg933d0c6e,eddycus:def5aa6da95,1.8;4.3;5;7,0,202.0,1067.0,175548.0,"Donnerstag, 6. Juli 2017 * 09:05:19",0.0
scan_00704,scan_00704.h5,True,"S15172 P2,4H 8,5 MHz","S15172P2,4H8,5MHz",0/90° Fabric 524 g/m²,Toho Tenax HTS40 12K,[0/90/[0/90]],1.0,"0 sensor orientation, missing roving resulting in a 3.5 mm gap in 0° layer with 1 additional layers added above the gap",gap,True,0.5,3.5,eddycus:cfg933d0c6e,eddycus:def5aa6da95,2;4.1;6.3;7.5,0,202.0,1067.0,175536.0,"Montag, 10. Juli 2017 * 16:39:29",0.0
scan_00705,scan_00705.h5,True,"S15172 P2,4H 8,5 MHz","S15172P2,4H8,5MHz",0/90° Fabric 524 g/m²,Toho Tenax HTS40 12K,[0/90/[0/90]],1.0,"90 sensor orientation, missing roving resulting in a 3.5 mm gap in 0° layer with 1 additional layers added above the gap",gap,True,0.5,3.5,eddycus:cfg49a36ca4,eddycus:defdb8d4602,2;4.1;6.3;7.5,0,202.0,1067.0,175540.0,"Montag, 10. Juli 2017 * 17:28:27",90.0
scan_00706,scan_00706.h5,True,"S15172 P2,4H 8,5 MHz","S15172P2,4H8,5MHz",0/90° Fabric 524 g/m²,Toho Tenax HTS40 12K,[0/90/[0/90]],1.0,"45 sensor orientation, missing roving resulting in a 3.5 mm gap in 0° layer with 1 additional layers added above the gap",gap,True,0.5,3.5,eddycus:cfg7812b915,eddycus:def8a2f05b6,2;4.1;6.3;7.5,0,202.0,1067.0,175543.0,"Montag, 10. Juli 2017 * 18:00:14",45.0
scan_00707,scan_00707.h5,True,"S14152 P3,3H 24,3 MHz","S14152P3,3H24,3MHz",0/90° Fabric 524 g/m²,Toho Tenax HTS40 12K,[0/90/[0/90]],1.0,"0 sensor orientation, missing roving resulting in a 3.5 mm gap in 0° layer with 1 additional layers added above the gap",gap,True,0.5,3.5,eddycus:cfg933d0c6e,eddycus:def5aa6da95,2;4.1;6.3;8.2,0,202.0,1067.0,175539.0,"Montag, 10. Juli 2017 * 18:42:34",0.0
scan_00708,scan_00708.h5,True,"S14152 P3,3H 24,3 MHz","S14152P3,3H24,3MHz",0/90° Fabric 524 g/m²,Toho Tenax HTS40 12K,[0/90/[0/90]],1.0,"90 sensor orientation, missing roving resulting in a 3.5 mm gap in 0° layer with 1 additional layers added above the gap",gap,True,0.5,3.5,eddycus:cfg49a36ca4,eddycus:defdb8d4602,2;4.1;6.3;8.2,0,202.0,1067.0,175535.0,"Dienstag, 11. Juli 2017 * 10:08:31",90.0
scan_00709,scan_00709.h5,True,"S14152 P3,3H 24,3 MHz","S14152P3,3H24,3MHz",0/90° Fabric 524 g/m²,Toho Tenax HTS40 12K,[0/90/[0/90]],1.0,"45 sensor orientation, missing roving resulting in a 3.5 mm gap in 0° layer with 1 additional layers added above the gap",gap,True,0.5,3.5,eddycus:cfg7812b915,eddycus:def8a2f05b6,2;4.1;6.3;8.2,0,202.0,1067.0,175540.0,"Dienstag, 11. Juli 2017 * 10:40:46",45.0
scan_00710,scan_00710.h5,True,"S14150 P5,8H 9,2 MHz","S14150P5,8H9,2MHz",0/90° Fabric 524 g/m²,Toho Tenax HTS40 12K,[0/90/[0/90]],1.0,"0 sensor orientation, missing roving resulting in a 3.5 mm gap in 0° layer with 1 additional layers added above the gap",gap,True,0.5,3.5,eddycus:cfg933d0c6e,eddycus:def5aa6da95,2;4.1;6.3;8.2,0,202.0,1067.0,175535.0,"Dienstag, 11. Juli 2017 * 11:42:20",0.0
scan_00711,scan_00711.h5,True,"S14150 P5,8H 9,2 MHz","S14150P5,8H9,2MHz",0/90° Fabric 524 g/m²,Toho Tenax HTS40 12K,[0/90/[0/90]],1.0,"45 sensor orientation, missing roving resulting in a 3.5 mm gap in 0° layer with 1 additional layers added above the gap",gap,True,0.5,3.5,eddycus:cfg7812b915,eddycus:def8a2f05b6,2;4.1;6.3;8.2,0,202.0,1067.0,175536.0,"Dienstag, 11. Juli 2017 * 12:42:23",45.0
scan_00712,scan_00712.h5,True,"S14150 P5,8H 9,2 MHz","S14150P5,8H9,2MHz",0/90° Fabric 524 g/m²,Toho Tenax HTS40 12K,[0/90/[0/90]],1.0,"90 sensor orientation, missing roving resulting in a 3.5 mm gap in 0° layer with 1 additional layers added above the gap",gap,True,0.5,3.5,eddycus:cfg49a36ca4,eddycus:defdb8d4602,2;4.1;6.3;8.2,0,202.0,1067.0,175539.0,"Dienstag, 11. Juli 2017 * 13:27:29",90.0
scan_00713,scan_00713.h5,True,"S17257 P7H 17,0 MHz","S17257P7H17,0MHz",0/90° Fabric 524 g/m²,Toho Tenax HTS40 12K,[0/90/[0/90]],1.0,"0 sensor orientation, missing roving resulting in a 3.5 mm gap in 0° layer with 1 additional layers added above the gap",gap,True,0.5,3.5,eddycus:cfg933d0c6e,eddycus:def5aa6da95,2;4.1;6.3;8.2,0,202.0,1067.0,175543.0,"Dienstag, 11. Juli 2017 * 14:59:41",0.0
scan_00714,scan_00714.h5,True,"S17257 P7H 17,0 MHz","S17257P7H17,0MHz",0/90° Fabric 524 g/m²,Toho Tenax HTS40 12K,[0/90/[0/90]],1.0,"45 sensor orientation, missing roving resulting in a 3.5 mm gap in 0° layer with 1 additional layers added above the gap",gap,True,0.5,3.5,eddycus:cfg7812b915,eddycus:def8a2f05b6,2;4.1;6.3;8.2,0,202.0,1067.0,175536.0,"Dienstag, 11. Juli 2017 * 15:38:37",45.0
scan_00715,scan_00715.h5,True,"S17257 P7H 17,0 MHz","S17257P7H17,0MHz",0/90° Fabric 524 g/m²,Toho Tenax HTS40 12K,[0/90/[0/90]],1.0,"90 sensor orientation, missing roving resulting in a 3.5 mm gap in 0° layer with 1 additional layers added above the gap",gap,True,0.5,3.5,eddycus:cfg49a36ca4,eddycus:defdb8d4602,2;4.1;6.3;8.2,0,202.0,1067.0,175549.0,"Dienstag, 11. Juli 2017 * 16:21:53",90.0
scan_00716,scan_00716.h5,True,"S13131 P3,3A 7,3 MHz","S13131P3,3A7,3MHz",0/90° Fabric 524 g/m²,Toho Tenax HTS40 12K,[0/90/[0/90/[0/90]]],1.5,"0 sensor orientation, missing roving resulting in a 3.5 mm gap in 0° layer with 2 additional layers added above the gap",gap,True,1.0,3.5,eddycus:cfg85868e76,eddycus:defd9e91f6e,1.8;4.3;5;7,0,202.0,1067.0,175541.0,"Dienstag, 11. Juli 2017 * 17:20:28",0.0
scan_00717,scan_00717.h5,True,"S13131 P3,3A 7,3 MHz","S13131P3,3A7,3MHz",0/90° Fabric 524 g/m²,Toho Tenax HTS40 12K,[0/90/[0/90/[0/90]]],1.5,"0 sensor orientation, missing roving resulting in a 3.5 mm gap in 0° layer with 2 additional layers added above the gap",gap,True,1.0,3.5,eddycus:cfg85868e76,eddycus:defd9e91f6e,1.8;4.3;5;7,0,202.0,1067.0,175541.0,"Dienstag, 11. Juli 2017 * 17:20:28",0.0
scan_00718,scan_00718.h5,True,"S13131 P3,3A 7,3 MHz","S13131P3,3A7,3MHz",0/90° Fabric 524 g/m²,Toho Tenax HTS40 12K,[0/90/[0/90/[0/90]]],1.5,"0 sensor orientation, missing roving resulting in a 3.5 mm gap in 0° layer with 2 additional layers added above the gap",gap,True,1.0,3.5,eddycus:cfg85868e76,eddycus:defd9e91f6e,1.8;4.3;5;7,0,202.0,1067.0,175541.0,"Dienstag, 11. Juli 2017 * 17:20:28",0.0
scan_00719,scan_00719.h5,True,"S13132 P5,8A 6,1 MHz","S13132P5,8A6,1MHz",0/90° Fabric 524 g/m²,Toho Tenax HTS40 12K,[0/90/[0/90/[0/90]]],1.5,"0 sensor orientation, missing roving resulting in a 3.5 mm gap in 0° layer with 2 additional layers added above the gap",gap,True,1.0,3.5,eddycus:cfg85868e76,eddycus:defd9e91f6e,3;4.1;6.3;8.2,0,202.0,1067.0,175539.0,"Dienstag, 11. Juli 2017 * 18:03:05",0.0
scan_00720,scan_00720.h5,True,"S15172 P2,4H 8,5 MHz","S15172P2,4H8,5MHz",0/90° Fabric 524 g/m²,Toho Tenax HTS40 12K,[0/90/[0/90/[0/90]]],1.5,"0 sensor orientation, missing roving resulting in a 3.5 mm gap in 0° layer with 2 additional layers added above the gap",gap,True,1.0,3.5,eddycus:cfg85868e76,eddycus:defd9e91f6e,2;4.1;6.3;7.5,0,202.0,1067.0,175536.0,"Dienstag, 11. Juli 2017 * 18:48:27",0.0
scan_00721,scan_00721.h5,True,"S15172 P2,4H 8,5 MHz","S15172P2,4H8,5MHz",0/90° Fabric 524 g/m²,Toho Tenax HTS40 12K,[0/90/[0/90/[0/90]]],1.5,"0 sensor orientation, missing roving resulting in a 3.5 mm gap in 0° layer with 2 additional layers added above the gap",gap,True,1.0,3.5,eddycus:cfg85868e76,eddycus:defd9e91f6e,2;4.1;6.3;7.5,0,202.0,1067.0,175538.0,"Mittwoch, 12. Juli 2017 * 08:09:38",0.0
scan_00722,scan_00722.h5,True,"S15172 P2,4H 8,5 MHz","S15172P2,4H8,5MHz",0/90° Fabric 524 g/m²,Toho Tenax HTS40 12K,[0/90/[0/90/[0/90]]],1.5,"90 sensor orientation, missing roving resulting in a 3.5 mm gap in 0° layer with 2 additional layers added above the gap",gap,True,1.0,3.5,eddycus:cfg7fe9c201,eddycus:defa1241d2d,2;4.1;6.3;7.5,0,202.0,1067.0,175542.0,"Mittwoch, 12. Juli 2017 * 08:54:46",90.0
scan_00723,scan_00723.h5,True,"S13132 P5,8A 6,1MHz","S13132P5,8A6,1MHz",0/90° Fabric 565 g/m²,Toho Tenax HTS45-E23 12K,[0/90],0.5,"0 sensor orientation, ondulation of 5 mm amplitude over a length of 75 mm in the top layer",ondulation,True,0.0,5.0,eddycus:cfgc57a30e1,eddycus:defcd1ba791,6.1;9.1;14.2;23.5,0,501.0,560.0,280061.0,"Mittwoch, 13. Juli 2016 * 15:56:37",0.0
scan_00724,scan_00724.h5,True,"S15152 P3,3H 24,3MHz","S15152P3,3H24,3MHz",0/90/45/-45° Fabric 1013 g/m²,Toho Tenax HTS45-E23 12K,[0/90/45/-45],1.0,"90° sensor orientation, fuzzy ball of carbon fibers with 180 mg in the top layer",fuzz_ball,True,0.0,180.0,eddycus:cfg5b071907,eddycus:def9010a658,4;8.5;16;22.6,0,501.0,560.0,280063.0,"Donnerstag, 14. Juli 2016 * 13:33:12",90.0
scan_00725,scan_00725.h5,True,"S15152 P3,3H 24,3MHz","S15152P3,3H24,3MHz",0/90 Fabric 565 g/m²,Toho Tenax HTS45-E23 12K,[0/90],0.5,"90° sensor orientation, fuzzy ball of carbon fibers with 60 mg in the top layer",fuzz_ball,True,0.0,60.0,eddycus:cfgf86b8767,eddycus:def08107ff8,4;8.5;16;22.6,0,501.0,560.0,280071.0,"Donnerstag, 14. Juli 2016 * 14:49:03",90.0
scan_00726,scan_00726.h5,True,"S15152 P3,3H 24,3MHz","S15152P3,3H24,3MHz",0/90 Fabric 565 g/m²,Toho Tenax HTS45-E23 12K,[0/90],0.5,"90° sensor orientation, fuzzy ball of carbon fibers with 120 mg in the top layer",fuzz_ball,True,0.0,120.0,eddycus:cfg4c32320b,eddycus:def077e42d3,4;8.5;16;22.6,0,501.0,560.0,280060.0,"Donnerstag, 14. Juli 2016 * 16:01:09",90.0
scan_00727,scan_00727.h5,True,"S15152 P3,3H 24,3MHz","S15152P3,3H24,3MHz",0/90 Fabric 565 g/m²,Toho Tenax HTS45-E23 12K,[0/90],0.5,"90° sensor orientation, fuzzy ball of carbon fibers with 180 mg in the top layer",fuzz_ball,True,0.0,180.0,eddycus:cfge8db928c,eddycus:def9010a658,4;8.5;16;22.6,0,501.0,560.0,280088.0,"Freitag, 15. Juli 2016 * 15:16:00",90.0
scan_00728,scan_00728.h5,True,"S15152 P3,3H 24,3MHz","S15152P3,3H24,3MHz",0/90 Fabric 565 g/m²,Toho Tenax HTS45-E23 12K,[0/90],0.5,"90° sensor orientation, gap of 1 roving or 3.6 mm in the top layer",gap,True,0.0,3.6,eddycus:cfg8197692a,eddycus:def10a2a4f5,4;8.5;16;22.6,0,251.0,560.0,140326.0,"Freitag, 15. Juli 2016 * 16:06:50",90.0
scan_00729,scan_00729.h5,True,"S15152 P3,3H 24,3MHz","S15152P3,3H24,3MHz",0/90 Fabric 565 g/m²,Toho Tenax HTS45-E23 12K,[0/90],0.5,"90° sensor orientation, gap of 2 rovings or 7.2 mm in the top layer",gap,True,0.0,7.2,eddycus:cfg728b6167,eddycus:def8ad444d2,4;8.5;16;22.6,0,251.0,560.0,140325.0,"Freitag, 15. Juli 2016 * 16:43:02",90.0
scan_00730,scan_00730.h5,True,"S15152 P3,3H 24,3MHz","S15152P3,3H24,3MHz",0/90 Fabric 565 g/m²,Toho Tenax HTS45-E23 12K,[0/90],0.5,"90° sensor orientation, gap of 3 rovings or 10.8 mm in the top layer",gap,True,0.0,10.8,eddycus:cfg2c387731,eddycus:defc0d5587e,4;8.5;16;22.6,0,251.0,560.0,140327.0,"Freitag, 15. Juli 2016 * 17:18:54",90.0
scan_00731,scan_00731.h5,True,"S13132 P5,8A 6,1MHz","S13132P5,8A6,1MHz",0/90 Fabric 565 g/m²,Toho Tenax HTS45-E23 12K,[0/90/0/90],1.0,"0 sensor orientation, ondulation of 5 mm amplitude over a length of 75 mm in third layer",ondulation,True,0.5,5.0,eddycus:cfgf1cda1f3,eddycus:def34924f53,6.1;9.1;14.2;23.5,0,501.0,564.0,280124.0,"Montag, 18. Juli 2016 * 09:21:52",0.0
scan_00732,scan_00732.h5,True,"S13132 P5,8A 6,1MHz","S13132P5,8A6,1MHz",0/90 Fabric 565 g/m²,Toho Tenax HTS45-E23 12K,[0/90/0/90],1.0,"0 sensor orientation, ondulation of 10 mm amplitude over a length of 75 mm in third layer",ondulation,True,0.5,10.0,eddycus:cfg203ce08f,eddycus:def0315b909,6.1;9.1;14.2;23.5,0,501.0,560.0,280066.0,"Freitag, 22. Juli 2016 * 13:43:45",0.0
scan_00733,scan_00733.h5,True,"S13132 P5,8A 6,1MHz","S13132P5,8A6,1MHz",0/90 Fabric 565 g/m²,Toho Tenax HTS45-E23 12K,[0/90],0.5,"0 sensor orientation, ondulation of 10 mm amplitude over a length of 75 mm in top layer",ondulation,True,0.0,10.0,eddycus:cfg9e0e0b13,eddycus:def0aabb573,6.1;9.1;14.2;23.5,0,501.0,560.0,280120.0,"Mittwoch, 20. Juli 2016 * 10:35:12",0.0
scan_00734,scan_00734.h5,True,"S13132 P5,8A 6,1MHz","S13132P5,8A6,1MHz",0/90 Fabric 565 g/m²,Toho Tenax HTS45-E23 12K,[0/90],0.5,"0 sensor orientation, ondulation of 15 mm amplitude over a length of 75 mm in top layer",ondulation,True,0.0,15.0,eddycus:cfg6de438e4,eddycus:def1116985f,6.1;9.1;14.2;23.5,0,501.0,560.0,280079.0,2016-08-04T10:50:23,0.0
scan_00735,scan_00735.h5,True,"S13132 P5,8A 6,1MHz","S13132P5,8A6,1MHz",0/90 Fabric 565 g/m²,Toho Tenax HTS45-E23 12K,[0/90/0/90],1.0,"0 sensor orientation, ondulation of 15 mm amplitude over a length of 75 mm in third layer",ondulation,True,0.5,15.0,eddycus:cfg57cdadcb,eddycus:def03273adb,6.1;9.1;14.2;23.5,0,501.0,560.0,280060.0,2016-08-04T15:20:22,0.0
scan_00736,scan_00736.h5,True,"S15152 P3,3H 24,3MHz","S15152P3,3H24,3MHz",0/90 Fabric 565 g/m²,Toho Tenax HTS45-E23 12K,[0/90/0/90/0/90],1.5,"90° sensor orientation, gap of 1 roving or 3.6 mm in the fifth layer",gap,True,1.0,3.6,eddycus:cfg230dd9e1,eddycus:def05c9745b,4;8.5;16;22.6,0,251.0,560.0,140325.0,2016-08-09T10:56:24,90.0
scan_00737,scan_00737.h5,True,"S15152 P3,3H 24,3MHz","S15152P3,3H24,3MHz",0/90 Fabric 565 g/m²,Toho Tenax HTS45-E23 12K,[0/90/0/90/0/90],1.5,"90° sensor orientation, gap of 2 rovings or 7.2 mm in the fifth layer",gap,True,1.0,7.2,eddycus:cfg3c11bc6e,eddycus:def9b7b6649,4;8.5;16;22.6,0,251.0,560.0,140327.0,2016-08-09T10:08:16,90.0
scan_00738,scan_00738.h5,True,"S15152 P3,3H 24,3MHz","S15152P3,3H24,3MHz",0/90 Fabric 565 g/m²,Toho Tenax HTS45-E23 12K,[0/90/0/90/0/90],1.5,"90° sensor orientation, gap of 3 rovings or 10.8 mm in the fifth layer",gap,True,1.0,10.8,eddycus:cfg0ede77a4,eddycus:def5291a116,4;8.5;16;22.6,0,251.0,560.0,140339.0,2016-08-09T09:30:27,90.0
